id,slug,display_name,type,status,city,country,website,instagram,facebook,twitter,substack,welcome_email_sent,stub_outreach_opt_out_at,live_published_books,book_titles,profile_url
a17e82ab-9722-4b5d-afaf-878649e74574,aperture,Aperture,publisher,stub,New York,United States of America,https://aperture.org/,https://www.instagram.com/aperturefnd/,https://www.facebook.com/aperturefoundation/,,,,,11,Black Is Beautiful | Cape Light | Figure and Ground | Girl Pictures | Manhattan Sunday | The Americans | The Ballad of Sexual Dependency | The Suffering of Light | Touching Strangers | Uncommon Places | Wish This Was Real,https://photobookers.com/creators/aperture
257a08b1-9e05-48f4-bd69-3c70536fe849,tis-books,TIS Books,publisher,stub,"New York,",United States of America,https://www.tisbooks.pub/,https://www.instagram.com/tisbooks,https://www.facebook.com/TISbooks,,,,,11,Collider | Entrance to Our Valley | Mi'raj | Mike | Orange Grove | Sacred Place | tell my love now | The Crisis Tapes | Theatrum Equorum | Waiting Out the Latter Days | You've loved me before,https://photobookers.com/creators/tis-books
fa6189cd-116a-43d4-83b6-0e242b41ea2d,setanta-books,Setanta Books,publisher,stub,London,United Kingdom,https://www.setantabooks.com/collections/setanta-photography-books,https://www.instagram.com/setantabooks/,https://www.facebook.com/setantabooks/,,,,,10,025 - Thibaut Derien | 026 - Nathalie Ericson | Black Country | Collecting Hands | Journey To The West | Migration Patterns | Pieza Madre | Signs_ | The Empire On Which the Sun Never Sets | Winter Light,https://photobookers.com/creators/setanta-books
f83c9242-3154-429b-b2dd-55478aca857e,kris-graves,Kris Graves,artist,stub,,,,,,,,,,8,"A Bleak Reality | Long Island City | Privileged Mediocrity | Provisional Scenery | RNC DNC | Testament Project, Volume 01 | Testament Project, Volume 03 | The Bronx, New York",https://photobookers.com/creators/kris-graves
51aa25c2-1f46-4b7b-bc3c-a35fe253fa8f,alauda-publications,Alauda Publications,publisher,stub,Amsterdam,Netherlands,https://alaudapublications.nl,https://www.instagram.com/alauda_publications/,https://www.facebook.com/alauda.publications/,,,,,7,A Poison Tree | Amazônia | Art in Continual Movement | Away with Melancholy | Lâmo Lâva | Museutopia | Outskirts,https://photobookers.com/creators/alauda-publications
c7d08c8f-83d5-45d3-90bf-088a1fcad351,steidl,Steidl,publisher,stub,,,,,,,,,,6,"Broken Manual | Dog Days, Bogotá | Niagara | Rich and Poor | Sleeping by the Mississippi (2nd Edition) | Sleeping by the Mississippi (First Edition)",https://photobookers.com/creators/steidl
b8fba626-f8ce-493d-b152-9524412244e3,another-place-press,Another Place Press,publisher,stub,,,https://anotherplacepress.bigcartel.com/products,,,,,,,5,Cascadia II | Cathedrals Are Built In The Future | Fragments Vol. 2 | Icebreaker | Walking With Strangers,https://photobookers.com/creators/another-place-press
3de9ed88-55d3-41ca-ab13-d5099d9faa26,edmund-clark,Edmund Clark,artist,stub,,,,,,,,,,5,"Control Order House | Mountains of Majeed | My Shadow's Reflection | White Cliffs, Blue Channel, Yellowhammer",https://photobookers.com/creators/edmund-clark
d304c538-c398-47f5-bdeb-6f9affb40751,gregg-evans,Gregg Evans,artist,stub,,,,,,,,,,5,A Setting Sun Vol 01 | A Setting Sun Vol 02 | A Setting Sun Vol 03 | A Setting Sun Vol 04 | A Setting Sun Volume V,https://photobookers.com/creators/gregg-evans
6dca66ae-1d69-4c6d-815d-fdfb3f078550,mark-steinmetz,Mark Steinmetz,artist,stub,,,,,,,,,,5,Greater Atlanta | South Central | South East | Summer Camp | Summertime,https://photobookers.com/creators/mark-steinmetz
8e5c214f-c0d7-4758-b9ec-f8ed876e0bab,sergey-novikov,Sergey Novikov,artist,stub,,,,,,,,,,5,Bridges | Ghostly Museum | Grassroots | Pitch Gate | ZATO,https://photobookers.com/creators/sergey-novikov
335ece1d-1935-47c4-9308-4b098cc50128,francesca-gavin,Francesca Gavin,artist,stub,,,,,,,,,,4,"Final Copy: The Twin Interviews | Rough Version with Peter Funch | Rough Version, The NTS Interviews, 2016-2021 | Rough Version, The NTS Interviews, 2022-2024",https://photobookers.com/creators/francesca-gavin
555863af-e2f6-42b1-9464-5f4bdc5c76ba,francois-halard,François Halard,artist,stub,,,,,,,,,,4,56 Days in Arles | Gods First | Papa | Saul Leiter,https://photobookers.com/creators/francois-halard
0f31e060-31c4-4dff-b51f-fcab5765f046,gerry-johansson,Gerry Johansson,artist,stub,,,,,,,,,,4,Antarktis | Dalen | Tree Stone Water | Tyre Choice,https://photobookers.com/creators/gerry-johansson
857d9acb-b03d-4df8-af7d-5fb5b2dae198,gregory-halpern,Gregory Halpern,artist,stub,,,http://www.gregoryhalpern.com/,,,,,,,4,"Confederate Moons | King, Queen, Knave | Omaha Sketchbook | ZZYZX",https://photobookers.com/creators/gregory-halpern
b4b7935b-b595-42d8-89d0-3878f363252e,jack-latham,Jack Latham,artist,stub,,,,,,,,,,4,Beggar's Honey | Latent Bloom | Parliament of Owls | Sugar Paper Theories,https://photobookers.com/creators/jack-latham
17e2c7d8-ff63-4077-8c2c-651f8ec7deaf,peter-funch,Peter Funch,artist,stub,,,,,,,,,,4,"Tomorrow and Tomorrow and Tomorrow | Tomorrow and Tomorrow and Tomorrow SPECIAL EDITION | Walden; Or, Life in the Woods, Archive 1993-2024, Vol. 2 | When You Invent the Ship, You Also Invent the Shipwreck",https://photobookers.com/creators/peter-funch
26f7ffbe-3bf6-4849-a459-3bd640f23386,sturm-drang,Sturm & Drang,publisher,stub,,,,,,,,,,4,"Carry Me Ohio (The Invisible Yoke, Volume I) | Sin & Salvation in Baptist Town (The Invisible Yoke, Volume II) | The Seven Cities (The Invisible Yoke, Volume III) | We, The Free (The Invisible Yoke, Volume IV)",https://photobookers.com/creators/sturm-drang
95863ab3-af3e-4f83-a37b-8a67cfa9d748,william-cope,William Cope,artist,stub,,,,,,,,,,4,Cement | Darjeeling | Matheran | Ootacamund,https://photobookers.com/creators/william-cope
0ccec7b3-f56c-4376-a7a7-7fbfc2a524ce,art-deco-magpie-adm-publishing,Art Deco Magpie (Adm Publishing),publisher,stub,,,,,,,,,,3,Concrete Jungle - An Introduction to Dudley Zoological Garden's Pioneering Geometric Tectons | Odeon Relics - Nineteen-Thirties Icons in the Twenty-First Century | Trackside Transformation - The Evolution of British Mainline Stations 1923-1947,https://photobookers.com/creators/art-deco-magpie-adm-publishing
8bca8e98-1ee6-4b8a-ac8f-74edb6a46231,brian-oneill,Brian O'Neill,artist,stub,,,,,,,,,,3,A Desert Transect | Beach Boulevard | Beach Boulevard (eBook),https://photobookers.com/creators/brian-oneill
2f880857-e291-4789-a847-d27ba162ca4c,herve-guibert,Hervé Guibert,artist,stub,,,,,,,,,,3,Suzanne and Louise | The Gangsters | The Only Face,https://photobookers.com/creators/herve-guibert
930abfe4-1395-46ae-80f7-8cab72b5db9b,issei-suda,Issei Suda,artist,stub,,,,,,,,,,3,78 | Family Diary | Holy Night,https://photobookers.com/creators/issei-suda
0dbdea25-66b2-4e1f-afa2-b18cfd110fff,toshiki-nakanishi,Toshiki Nakanishi,artist,stub,,,,,,,,,,3,Land of Fusion | New Land - Pre-Hokkaido Landscapes | Where We Come From and Where We Might Go,https://photobookers.com/creators/toshiki-nakanishi
1d9c5013-90f2-430a-99cc-129d7fd5e27e,abbey-meaker,Abbey Meaker,artist,stub,,,,,,,,,,2,Floodplains | Motherhouse,https://photobookers.com/creators/abbey-meaker
fae9f4b7-3d84-4752-ba11-d2fdd7ff1708,andre-principe,André Príncipe,artist,stub,,,,,,,,,,2,Anima - Encounters With Wild Animals In Portugal | Mana,https://photobookers.com/creators/andre-principe
f2d77246-e8c7-4c6b-95c0-e78c9bcae7a4,ben-roberts,Ben Roberts,artist,stub,,,,,,,,,,2,Amazon Fulfilment Centre | Occupied Spaces,https://photobookers.com/creators/ben-roberts
00b6e437-d185-469e-a6db-b0b49bde6b32,bevan-davies,Bevan Davies,artist,stub,,,,,,,,,,2,"Los Angeles, 1976 | New York, 1975",https://photobookers.com/creators/bevan-davies
db744cfc-37ee-448a-be22-2052e0a6b775,bob-nickas,Bob Nickas,artist,stub,,,,,,,,,,2,"Corrected Proofs. Previously Unpublished, Uncollected, Unwanted | May 68 Books & Records",https://photobookers.com/creators/bob-nickas
d0858a4f-5b64-430a-b576-bd7653940f5a,bruce-gilden,Bruce Gilden,artist,stub,,,,,,,,,,2,Black Country | The Empire On Which the Sun Never Sets,https://photobookers.com/creators/bruce-gilden
61ba206b-ca64-4480-aa1f-3139f022f750,cecile-poimbuf-koizumi-stephen-ellcock,Cécile Poimbœuf-Koizumi & Stephen Ellcock,artist,stub,,,,,,,,,,2,Clin d'œil | Jeux de mains,https://photobookers.com/creators/cecile-poimbuf-koizumi-stephen-ellcock
a6bac8b0-ce23-4879-b565-3baf07419ac0,chris-boot,Chris Boot,publisher,stub,,,,,,,,,,2,Motherland | We English,https://photobookers.com/creators/chris-boot
22bed3b7-7dd8-483c-b116-4078e90e406b,colin-curwood,Colin Curwood,artist,stub,,,,,,,,,,2,Derby 1972 & Kendal 1972 2 books/Two Views | Isle of Man TT Races 1980,https://photobookers.com/creators/colin-curwood
fe934e52-1120-4c6f-baae-4c70ef9b9e5e,daniel-gordon,Daniel Gordon,artist,stub,,,,,,,,,,2,New Canvas | Objects at Hand,https://photobookers.com/creators/daniel-gordon
52435df2-e3c3-4036-990f-df5fbbd9a2b5,dev-dhunsi,Dev Dhunsi,artist,stub,,,,,,,,,,2,Encircling Stories | Mixed,https://photobookers.com/creators/dev-dhunsi
76c0fd95-6a1c-42e3-87e0-d6347528ff09,dewi-lewis,Dewi Lewis Publishing,publisher,stub,,,https://www.dewilewis.com/,https://www.instagram.com/dewi_lewis_publishing,https://www.facebook.com/dewi.lewis.56,,,,,2,Dreamlands | Merrie Albion - Landscapes Studies of a Small Island | Pierdom,https://photobookers.com/creators/dewi-lewis
e9011870-1b66-4109-a8a2-888f10296573,fantome-verlag,Fantôme Verlag,publisher,stub,,,,,,,,,,2,»Hi Schatz!« | »Hi Schatz!« (Second Edition),https://photobookers.com/creators/fantome-verlag
b1a3eb51-3955-43f1-b53b-33cd5f18d43c,fuel,Fuel,publisher,stub,,,,,,,,,,2,226 Garages & Service Stations | London Tube Stations 1924-1961,https://photobookers.com/creators/fuel
3cbf11fa-07f6-4908-a2c4-81df43f0fa68,globtik-books,Globtik Books,publisher,stub,,,,,,,,,,2,Die Mauer Ist Weg! | DTLFTSOTE,https://photobookers.com/creators/globtik-books
db19fa78-9735-460d-b89d-24c6cad0260b,harry-gruyaert,Harry Gruyaert,artist,stub,,,,,,,,,,2,Homeland | New York,https://photobookers.com/creators/harry-gruyaert
3ceedd79-9ac0-493f-9c4f-e2db2c4b67d4,hendrik-paul,Hendrik Paul,artist,stub,,,,,,,,,,2,DARK LIGHT | DARK LIGHT (SE),https://photobookers.com/creators/hendrik-paul
7e71a7b8-a9d7-4dd0-9b86-95d4fb882abe,ian-sumner,Ian Sumner,artist,stub,,,,,,,,,,2,Glastonbury 1984–2000 | London 1972–1980,https://photobookers.com/creators/ian-sumner
9cc18c46-b874-4209-b702-bc8395c6fd5e,iris-de-mouy,Iris de Moüy,artist,stub,,,,,,,,,,2,Horses Are Blue | You smell different but you're just the same,https://photobookers.com/creators/iris-de-mouy
89076fbd-31b2-46e5-bfa5-d5981c80a6e7,isaac-diggs,Isaac Diggs,artist,stub,,,,,,,,,,2,"Lagos, Nigeria | Middle Distance or the Anxiety of Influence",https://photobookers.com/creators/isaac-diggs
56f21ff4-7ded-45ae-a9b6-f8dff9c6f1cd,joo-myung-duck,"Joo, Myung Duck",artist,stub,,,,,,,,,,2,My Motherland | My Motherland (SE),https://photobookers.com/creators/joo-myung-duck
7f0bd0fd-5d41-4243-8ce2-f898762285cc,kehrer-verlag,Kehrer Verlag,publisher,stub,Heidelberg,Germany,,https://www.instagram.com/kehrerverlag/?hl=en,https://www.facebook.com/kehrerverlag/?locale=de_DE,,,,,2,K:emptiness | Little North Road | Somewhere Along the Line | The Sheep and the Goats,https://photobookers.com/creators/kehrer-verlag
3859e3a9-766c-4bd8-8f37-0f45408bbd89,koji-kitagawa,Koji Kitagawa,artist,stub,,,,,,,,,,2,Koji's Posters | Photography 写真,https://photobookers.com/creators/koji-kitagawa
1feff102-8f1a-4ae7-9554-20646eb764f6,machteld-rullens,Machteld Rullens,artist,stub,,,,,,,,,,2,Full Of Emptiness | Scrapyard Abstraction,https://photobookers.com/creators/machteld-rullens
532aa6fd-b711-4b0e-9b08-bd6c133e21b9,manfred-sundermann,Manfred Sundermann,artist,stub,,,,,,,,,,2,"Bristol 1972 series. 2 Books | London 1972, 73, 75",https://photobookers.com/creators/manfred-sundermann
6102375b-c860-4d20-b399-e3a046a9c3d3,marie-queau,Marie Quéau,artist,stub,,,,,,,,,,2,Le Royaume | Odds and Ends,https://photobookers.com/creators/marie-queau
2f49d929-3314-4964-a4d8-c0d425254f82,marshall-scheuttle,Marshall Scheuttle,artist,stub,,,,,,,,,,2,Blood on the Ballast | Morningstar,https://photobookers.com/creators/marshall-scheuttle
a916e24f-32a3-4388-8a30-b35182ee1d47,martin-parr,Martin Parr,artist,stub,,,,,,,,,,2,Early Works (Second Edition) | Hong Kong Parr | Life's a beach | Pride,https://photobookers.com/creators/martin-parr
5e6bb4d4-2805-407b-980a-43d641aadac3,mercedes-jelinek,Mercedes Jelinek,artist,stub,,,,,,,,,,2,"Spruce Pine, North Carolina | These Americans",https://photobookers.com/creators/mercedes-jelinek
992ba3a1-549e-4fa7-810b-3da934a5f7f8,michael-kenna,Michael Kenna,artist,stub,,,,,,,,,,2,Rafu | Ratcliffe Power Station,https://photobookers.com/creators/michael-kenna
84616ca4-1b5c-4e42-abab-3dd36a0c6211,min-byung-hun,Min Byung-Hun,artist,stub,,,,,,,,,,2,sansookyung | sansookyung (SE),https://photobookers.com/creators/min-byung-hun
48c178a1-aad6-4f27-b631-d9e6565a31a9,natasha-caruana,Natasha Caruana,artist,stub,,,,,,,,,,2,Married Man | ONO,https://photobookers.com/creators/natasha-caruana
40d35a49-3a07-42f2-b252-3765b0a393c3,owen-conway,Owen Conway,artist,stub,,,,,,,,,,2,Chicago | We Have To Carry On Somehow,https://photobookers.com/creators/owen-conway
16251c05-d550-4df9-a915-3cb9b35d7841,reuben-wu,Reuben Wu,artist,stub,,,,,,,,,,2,Aeroglyphs and other Nocturnes | Lux Noctis,https://photobookers.com/creators/reuben-wu
f6bc30a4-0ed7-47ab-9dbc-45086e1ed1fa,ryudai-takano,Ryudai Takano,artist,stub,,,,,,,,,,2,ca.ra.ma.ru | Kikuo,https://photobookers.com/creators/ryudai-takano
2d7d551b-3467-4dc8-98f7-8c463a2ab98c,sayo-nagase,Sayo Nagase,artist,stub,,,,,,,,,,2,Asphalt & Chalk | Pink Lemonade,https://photobookers.com/creators/sayo-nagase
9acf8029-777f-49a3-ae4e-6888b07ac336,seba-kurtis,Seba Kurtis,artist,stub,,,,,,,,,,2,Drowned | Kif,https://photobookers.com/creators/seba-kurtis
5ce61b12-56c0-4e8e-a1d2-18ea72a96de1,self-published,Self Published,publisher,stub,,,,,,,,,,2,Frame 0 | The Stockport Collection:Portrait of a Community 1976-1977,https://photobookers.com/creators/self-published
fcfba947-aca1-42db-beec-c98ae47b2e18,silas-finch,Silas Finch,publisher,stub,,,,,,,,,,2,Grays the Mountain Sends | Islands of the Blest,https://photobookers.com/creators/silas-finch
d3f7eda2-9422-42a2-9ddf-8c5c4518de9d,takashi-homma,Takashi Homma,artist,stub,,,,,,,,,,2,A song for windows | BTS,https://photobookers.com/creators/takashi-homma
008ad436-6b5f-4595-b650-f457fc02995a,thomas-hoepker,Thomas Hoepker,artist,stub,,,,,,,,,,2,DDR / East Germany – Colour Works 1972–1990 | Italia,https://photobookers.com/creators/thomas-hoepker
60e34826-7b42-4e1a-9266-48045df1a4e0,torbjrn-rdland,Torbjørn Rødland,artist,stub,,,,,,,,,,2,A Day in the Life of... | Mimes,https://photobookers.com/creators/torbjrn-rdland
21fa7efa-0c10-4877-85f8-3bbf77a9e94e,toshio-shibata,Toshio Shibata,artist,stub,,,,,,,,,,2,Painting | Yodaka,https://photobookers.com/creators/toshio-shibata
3383811b-1869-4142-9591-2be1c0ad2d3f,tyrone-williams,Tyrone Williams,artist,stub,,,,,,,,,,2,Ground | Spark,https://photobookers.com/creators/tyrone-williams
7686492e-4ea8-44a4-8b01-eb02a8273a76,various-artists,Various Artists,artist,stub,,,,,,,,,,2,Natures: Landscapes of Human Intentions (2nd Edition) | The Dance: Languages of Light and Time (2nd Edition),https://photobookers.com/creators/various-artists
17e6cb12-7243-47ec-bb3e-669a5e5b843f,wayne-tippetts,Wayne Tippetts,artist,stub,,,,,,,,,,2,"Banglatown, London 1991 | Protest, Youth, Reinvention London 1984–85 | The Fridge / Alternative Miss World, Brixton,  1985",https://photobookers.com/creators/wayne-tippetts
a90264bc-40a7-4f1b-9990-353fca47c421,william-pym,William Pym,artist,stub,,,,,,,,,,2,That Way,https://photobookers.com/creators/william-pym
9c2b74e1-2621-4e60-89c3-542c386c9cef,aaron-huey,Aaron Huey,artist,stub,,,,,,,,,,1,Conflagration,https://photobookers.com/creators/aaron-huey
ee4d56b3-af1a-4dff-bb06-7603cc7f83d2,aaron-rothman,Aaron Rothman,artist,stub,,,,,,,,,,1,The Sierra,https://photobookers.com/creators/aaron-rothman
9d62e4b1-6406-40e0-9255-f48475cf60b8,aboca-museum-editions,Aboca Museum Editions,publisher,stub,,,,,,,,,,1,Inizio,https://photobookers.com/creators/aboca-museum-editions
184c1443-d110-4a3d-8aaa-0f8b5513ce4e,agnes-martin,Agnes Martin,artist,stub,,,,,,,,,,1,Independence of Mind,https://photobookers.com/creators/agnes-martin
fcf2e8da-7003-4650-9a20-1da0232fed41,ahndraya-parlato,Ahndraya Parlato,artist,stub,,,,,,,,,,1,Time To Kill,https://photobookers.com/creators/ahndraya-parlato
a3f3c0e8-5b38-4bcd-bc47-c354d4fa7370,al-j-thompson,Al J Thompson,artist,stub,,,,,,,,,,1,Pictures & Poems No. 02: As We Turn (Al J. Thompson & Tanio M. McCallum),https://photobookers.com/creators/al-j-thompson
60161437-0565-424b-b784-6d9e211bfbb7,ala-ebtekar,Ala Ebtekar,artist,stub,,,,,,,,,,1,Thirty-Six Views of the Moon,https://photobookers.com/creators/ala-ebtekar
45d1c304-ab8b-45a0-91eb-d9e25aed1e69,alan-dimmick,Alan Dimmick,artist,stub,,,,,,,,,,1,Glasgow 1978–1999 series 2 books,https://photobookers.com/creators/alan-dimmick
c42eafef-7b4b-4cf0-a186-bc227164c33b,alana-celii,Alana Celii,artist,stub,,,,,,,,,,1,Paradise Falling,https://photobookers.com/creators/alana-celii
7fc06b59-ddbf-4afe-8f43-4a4bb136a757,albert-elm,Albert Elm,artist,stub,,,,,,,,,,1,This Much is True,https://photobookers.com/creators/albert-elm
e12cd5f0-50e4-4a17-a714-b3b39d30972a,albert-frey,Albert Frey,artist,stub,,,,,,,,,,1,Inventive Modernist,https://photobookers.com/creators/albert-frey
aa1d9e3e-1f04-4843-b268-c47d897ba835,alejandro-g-inarritu,Alejandro G. Iñárritu,artist,stub,,,,,,,,,,1,Amores Perros,https://photobookers.com/creators/alejandro-g-inarritu
8e05256b-a459-4863-a4a4-ea416a9c7a73,alex-christopher-williams,Alex Christopher Williams,artist,stub,,,,,,,,,,1,"Black, Like Paul",https://photobookers.com/creators/alex-christopher-williams
396b2be4-6066-483a-8653-afaf31aba6eb,alex-da-corte,Alex Da Corte,artist,stub,,,,,,,,,,1,Rubber Pencil Devil,https://photobookers.com/creators/alex-da-corte
f6f0d039-8ac2-499c-9d61-3c7b682945ae,alex-webb,Alex Webb,artist,stub,,,,,,,,,,1,The Suffering of Light,https://photobookers.com/creators/alex-webb
b748c149-20ce-479d-994d-47fa24626886,alex-webb-and-rebecca-norris-webb,Alex Webb and Rebecca Norris Webb,artist,stub,,,,,,,,,,1,Waves,https://photobookers.com/creators/alex-webb-and-rebecca-norris-webb
3eea5195-fb24-43cc-a7fa-1a0def1b5302,alexis-pike,Alexis Pike,artist,stub,,,,,,,,,,1,Color Me Lucky,https://photobookers.com/creators/alexis-pike
489b139b-e431-44a4-96d3-7590d5351eb6,alfred-yaghobzadeh,Alfred Yaghobzadeh,artist,stub,,,,,,,,,,1,Alfred's Journey,https://photobookers.com/creators/alfred-yaghobzadeh
c0d9a8f8-bcbc-4124-ae18-d7085472d0f0,alice-pallot,Alice Pallot,artist,stub,,,,,,,,,,1,"Algues Maudites, a Sea of Tears",https://photobookers.com/creators/alice-pallot
8d03b3de-3c2a-49a8-a560-f5026c7343c2,alina-van-ryzin,Alina van Ryzin,artist,stub,,,,,,,,,,1,Bryn Mawr,https://photobookers.com/creators/alina-van-ryzin
1e5e3929-4ca5-492c-b2c9-f20b65833807,aline-smithson,Aline Smithson,artist,stub,,,,,,,,,,1,"Los Angeles, California",https://photobookers.com/creators/aline-smithson
805a1084-886b-4053-bf44-c8744ab3c1a3,amelia-abraham,Amelia Abraham,artist,stub,,,,,,,,,,1,"Sex, Clubs, Dissent: Visualising Queer Nightlife",https://photobookers.com/creators/amelia-abraham
bb8405e7-7765-450e-839a-00a43729121b,amy-elkins,Amy Elkins,artist,stub,,,,,,,,,,1,Anxious Pleasures,https://photobookers.com/creators/amy-elkins
6b6e22a2-4cda-478a-b839-17fd9bae819a,ana-segovia,Ana Segovia,artist,stub,,,,,,,,,,1,Meditations in an Emergency,https://photobookers.com/creators/ana-segovia
38d43aea-6871-4269-a4cd-cb8800370ba1,andre-ramos-woodard,André Ramos-Woodard,artist,stub,,,,,,,,,,1,Black Snafu,https://photobookers.com/creators/andre-ramos-woodard
4e2dbf85-95d9-4509-9b53-51e791e1f9ee,andrea-koesters,Andrea Koesters,artist,stub,,,,,,,,,,1,ORACLE,https://photobookers.com/creators/andrea-koesters
4969d9a4-d3da-4d44-ad7b-15c6f76dfbe0,andrea-simonato,Andrea Simonato,artist,stub,,,,,,,,,,1,Antro,https://photobookers.com/creators/andrea-simonato
35182873-a42b-42b5-91d5-4677280557b0,andrew-kochanowski,Andrew Kochanowski,artist,stub,,,,,,,,,,1,The Grift,https://photobookers.com/creators/andrew-kochanowski
8f5e7d41-7924-42d3-bd42-278192724410,andy-mattern,Andy Mattern,artist,stub,,,,,,,,,,1,Average Subject / Medium Distance,https://photobookers.com/creators/andy-mattern
88aa0448-35cd-4b7b-86be-e46d548436a4,andy-pilsbury,Andy Pilsbury,artist,stub,,,,,,,,,,1,Aelwyd,https://photobookers.com/creators/andy-pilsbury
0d3ced78-ff45-470c-a09a-20b96abc0bd8,andy-pilsbury-chris-neophytou,Andy Pilsbury & Chris Neophytou,artist,stub,,,,,,,,,,1,They All Happened Here,https://photobookers.com/creators/andy-pilsbury-chris-neophytou
80913a2b-2ddf-4629-80ed-925170b872b0,ann-hamilton,Ann Hamilton,artist,stub,,,,,,,,,,1,Sense,https://photobookers.com/creators/ann-hamilton
1c679d15-bac0-4b22-acf6-57eb2cbacbc4,anna-arendt,Anna Arendt,artist,stub,,,,,,,,,,1,Vanishing,https://photobookers.com/creators/anna-arendt
52ae4bf2-8ecf-41af-8d79-38af6cf38010,anna-fox,Anna Fox,artist,stub,,,,,,,,,,1,My Mother's Cupboards & My Father's Words,https://photobookers.com/creators/anna-fox
a569ffad-7481-4ffb-bd09-d5a832f3974a,anna-fox-alison-goldfrapp,Anna Fox & Alison Goldfrapp,artist,stub,,,,,,,,,,1,Country Girls,https://photobookers.com/creators/anna-fox-alison-goldfrapp
216435a3-ce6c-4a90-aaef-b4cf02137353,anna-tsitsishvili,Anna Tsitsishvili,artist,stub,,,,,,,,,,1,Tbilisi Interiors,https://photobookers.com/creators/anna-tsitsishvili
538e1409-4791-4d51-b119-bcdd61d8a833,anne-laure-autin,Anne-Laure Autin,artist,stub,,,,,,,,,,1,Blood Line,https://photobookers.com/creators/anne-laure-autin
96d40ad1-d114-4f50-b05b-9e83e7669688,annemarieke-van-drimmelen,Annemarieke van Drimmelen,artist,stub,,,,,,,,,,1,Tadaima,https://photobookers.com/creators/annemarieke-van-drimmelen
af9b1f3f-baf0-41fd-b0cb-58b32eebfae5,annemarieke-van-drimmelen-jasper-krabbe,Annemarieke van Drimmelen & Jasper Krabbé,artist,stub,,,,,,,,,,1,June,https://photobookers.com/creators/annemarieke-van-drimmelen-jasper-krabbe
3a1cb091-a959-4dee-866d-1facef6c482b,anthony-hamboussi,Anthony Hamboussi,artist,stub,,,,,,,,,,1,Cairo Dream,https://photobookers.com/creators/anthony-hamboussi
4ca541c4-bc53-4ffa-acf7-351c1e065378,arhant-shrestha,Arhant Shrestha,artist,stub,,,,,,,,,,1,Loose Fist,https://photobookers.com/creators/arhant-shrestha
2af58d4e-79d1-438c-bdba-633c6a78a7d6,arthur-tress,Arthur Tress,artist,stub,,,,,,,,,,1,"The Ramble, NYC 1969",https://photobookers.com/creators/arthur-tress
77e5f7f5-17b3-45b6-a736-01d9588f5f5a,arturo-herrera,Arturo Herrera,artist,stub,,,,,,,,,,1,Works 1992-2024,https://photobookers.com/creators/arturo-herrera
48bcb9ac-0210-4ba3-a3d7-b28cfcc9c991,ash-adams,Ash Adams,artist,stub,,,,,,,,,,1,Pictures and Poems No. 03: After the News (Ash Adams),https://photobookers.com/creators/ash-adams
e1739b42-f878-45d5-8063-c129d2100d2c,ashwini-bhat,Ashwini Bhat,artist,stub,,,,,,,,,,1,Resonances,https://photobookers.com/creators/ashwini-bhat
4bd7970f-95c5-4976-b94a-5505f68555f3,asimetricas,Asimetricas,publisher,stub,,,,,,,,,,1,Poetics of Abandonment. Siza in Panticosa,https://photobookers.com/creators/asimetricas
163a3fa7-1683-49d6-a46b-aed0eac2cd1d,b-wurtz,B. Wurtz,artist,stub,,,,,,,,,,1,Philosophy From B To Z,https://photobookers.com/creators/b-wurtz
86a44e4e-cb5a-4a6b-9a86-916113cee940,barbara-sanchez-kane,Bárbara Sánchez-Kane,artist,stub,,,,,,,,,,1,New Lexicons For Embodiment,https://photobookers.com/creators/barbara-sanchez-kane
27e89275-edef-42fb-9455-64db98bdea61,beatriz-banha,Beatriz Banha,artist,stub,,,,,,,,,,1,Midday Moon,https://photobookers.com/creators/beatriz-banha
249dda7c-b13b-4732-9bf5-e1ef00e1ef87,beatriz-gonzalez,Beatriz Gonzaléz,artist,stub,,,,,,,,,,1,Diary Of Guernica,https://photobookers.com/creators/beatriz-gonzalez
74a11a85-3953-48c6-8cc3-3d3bd8c01919,ben-weaver,Ben Weaver,artist,stub,,,,,,,,,,1,2041,https://photobookers.com/creators/ben-weaver
47407f7c-6656-4360-a677-200c6654e1f8,bill-young,Bill Young,artist,stub,,,,,,,,,,1,Hotel Carpets,https://photobookers.com/creators/bill-young
d062dc58-bb8c-48e8-b88d-16e6b1334b55,binh-danh,Binh Danh,artist,stub,,,,,,,,,,1,The Enigma of Belonging,https://photobookers.com/creators/binh-danh
a3cf69fd-80b6-40e8-996e-56a52adcfe3f,bluecoat-press,Bluecoat Press,publisher,stub,,,,,,,,,,1,Like You've Never Been Away,https://photobookers.com/creators/bluecoat-press
8b38e4eb-33ed-497f-8db3-188b609958fc,bob-nickas-and-nikholis-planck,Bob Nickas and Nikholis Planck,artist,stub,,,,,,,,,,1,Slang King: M.E.S. on Stage 1977-2013,https://photobookers.com/creators/bob-nickas-and-nikholis-planck
bbf8d1fb-ccaf-4ca0-a960-f7433f655ad0,brandon-ichiro-tani,Brandon Ichiro Tani,artist,stub,,,,,,,,,,1,"A Dead Tree in Our Yard, A Vibrant One on the Highway",https://photobookers.com/creators/brandon-ichiro-tani
0e434cde-b1f0-412f-8257-a03194f9f768,brian-gibson,Brian Gibson,artist,stub,,,,,,,,,,1,"Punk, Rock, New Wave Newcastle & Middlesbrough 1977–1978",https://photobookers.com/creators/brian-gibson
d3837223-b526-45b1-895e-41fe30642f5f,bridget-mullen,Bridget Mullen,artist,stub,,,,,,,,,,1,Birthday,https://photobookers.com/creators/bridget-mullen
e9968608-a99f-4cb8-b335-8a25fdca50a4,brooke-white,Brooke White,artist,stub,,,,,,,,,,1,What She Saw,https://photobookers.com/creators/brooke-white
22eb29cb-4b0f-4cc3-a050-69ee73019d4a,cameron-welch,Cameron Welch,artist,stub,,,,,,,,,,1,Mosaics,https://photobookers.com/creators/cameron-welch
27801625-6a3d-4843-a135-f6b23e11e8bb,cara-romero,Cara Romero,artist,stub,,,,,,,,,,1,Panûpünüwügai (Living Light),https://photobookers.com/creators/cara-romero
328ff2af-5356-44f8-af8c-34c5cc97ee9f,carol-mira,Carol Mira,artist,stub,,,,,,,,,,1,Retomada,https://photobookers.com/creators/carol-mira
4e99d79d-9466-4c6a-b1a5-750b433d11fc,caroline--cyril-desroche,Caroline & Cyril Desroche,artist,stub,,,,,,,,,,1,Los Angeles Standards,https://photobookers.com/creators/caroline--cyril-desroche
3c56ca46-fc41-499e-9c20-94a7d13ac1f8,caroline-corbasson-and-andrea-montano,Caroline Corbasson and Andrea Montano,artist,stub,,,,,,,,,,1,Heat,https://photobookers.com/creators/caroline-corbasson-and-andrea-montano
6efd2d5c-7654-487b-8758-cefc4a74b6db,carolyn-scott,Carolyn Scott,artist,stub,,,,,,,,,,1,"Rye Hill, Newcastle 1968",https://photobookers.com/creators/carolyn-scott
03ef6f36-0bf1-43e8-93ef-0ea23f241070,carrie-yamaoka,Carrie Yamaoka,artist,stub,,,,,,,,,,1,RE,https://photobookers.com/creators/carrie-yamaoka
bfec6684-be9b-4ff0-aaa6-374d9f0953b7,catherine-leroy,Catherine Leroy,artist,stub,,,,,,,,,,1,One-Way Ticket to Vietnam 1966–1968,https://photobookers.com/creators/catherine-leroy
b14195ae-917d-469a-a1db-692d565e59cb,catherine-mcgann,Catherine McGann,artist,stub,,,,,,,,,,1,New York City Underground 1987—1999,https://photobookers.com/creators/catherine-mcgann
762ebbd7-8832-4405-ad43-650a15713ad5,cecilia-vicuna,Cecilia Vicuña,artist,stub,,,,,,,,,,1,Deer Book/Libro Venado,https://photobookers.com/creators/cecilia-vicuna
db415950-f334-450a-90f3-60079c62613b,ceiba-editions,Ceiba Editions,publisher,stub,,,,,,,,,,1,"I Love You, I'm Leaving",https://photobookers.com/creators/ceiba-editions
655caa9b-c2ef-46d8-bb22-f988dff27356,celia-alvarez-munoz,Celia Álvarez Muñoz,artist,stub,,,,,,,,,,1,Breaking the Binding,https://photobookers.com/creators/celia-alvarez-munoz
4ce7b1b6-fe3e-494c-b07a-5815881c7a48,charles-lane-press,Charles Lane Press,publisher,stub,,,,,,,,,,1,Fall River Boys,https://photobookers.com/creators/charles-lane-press
1a4aca6b-a40a-4059-a3d6-927d62780ee2,charlie-usher,Charlie Usher,artist,stub,,,,,,,,,,1,Collages | The Follies | Wild Country and Big Hills,https://photobookers.com/creators/charlie-usher
60e756a2-8815-43c6-a48d-68cde00270b6,chris-mccaw,Chris Mccaw,artist,stub,,,,,,,,,,1,Marking Time,https://photobookers.com/creators/chris-mccaw
8e443f5c-46b1-4a91-823e-9ccfd0f25697,christine-furuya-gossler,Christine Furuya-Gössler,artist,stub,,,,,,,,,,1,Photographs (1978-1985),https://photobookers.com/creators/christine-furuya-gossler
265814e2-771e-4717-8aea-e5fa2edc62d6,ciel-baptiste,Ciel Baptiste,artist,stub,,,,,,,,,,1,En Plein Air,https://photobookers.com/creators/ciel-baptiste
a36c6d44-af2b-4b3e-8db5-cb7c4e110d2f,claire-daly,Claire Daly,artist,stub,,,,,,,,,,1,Where The Spirits Got Stuck,https://photobookers.com/creators/claire-daly
c7f2286b-2028-44a7-a253-4f85656290c4,claudius-schulze,Claudius Schulze,artist,stub,,,,,,,,,,1,State Of Nature,https://photobookers.com/creators/claudius-schulze
2fdf18cf-f715-4010-a683-b0bab24385bb,clay-maxwell-jordan,Clay Maxwell Jordan,artist,stub,,,,,,,,,,1,Perpetual Care,https://photobookers.com/creators/clay-maxwell-jordan
e19f3d9b-f5cc-45f4-adb5-2914f640fe37,cole-barash,Cole Barash,artist,stub,,,,,,,,,,1,Sound of Dawn,https://photobookers.com/creators/cole-barash
ce7d355f-7086-48c7-9741-c7548e91abc3,colin-lourie,Colin Lourie,artist,stub,,,,,,,,,,1,London 1970–1974,https://photobookers.com/creators/colin-lourie
c2287f24-0536-444c-a389-9532b7dda98a,colin-stearns,Colin Stearns,artist,stub,,,,,,,,,,1,all that cannot be said,https://photobookers.com/creators/colin-stearns
7e11b83a-dbfa-454d-9a9d-cd403b7e6c50,cristina-velasquez,Cristina Velásquez,artist,stub,,,,,,,,,,1,"Viterbo, Columbia",https://photobookers.com/creators/cristina-velasquez
d7d73a8a-2eb6-42e5-9de6-c05dd46023af,crofton-black-edmund-clark,Crofton Black & Edmund Clark,artist,stub,,,,,,,,,,1,Negative Publicity,https://photobookers.com/creators/crofton-black-edmund-clark
9648d260-8198-4ebc-a575-a34f55918371,daido-moriyama,Daido Moriyama,artist,stub,,,,,,,,,,1,Mantis,https://photobookers.com/creators/daido-moriyama
931b5b3f-e116-4fac-ba06-df4697c71302,daisuke-yokota,Daisuke Yokota,artist,stub,,,,,,,,,,1,Outskirts,https://photobookers.com/creators/daisuke-yokota
a6747c00-009e-4513-a55c-190ea27700ba,damian-ortega,Damián Ortega,artist,stub,,,,,,,,,,1,Masks,https://photobookers.com/creators/damian-ortega
0b2fcd22-adb5-427c-85be-5c8aa5cf45ce,dan-farnum,Dan Farnum,artist,stub,,,,,,,,,,1,Young Blood,https://photobookers.com/creators/dan-farnum
d571f0e6-bb3d-45e5-b77d-73171d63b872,daniel-lee-postaer,Daniel Lee Postaer,artist,stub,,,,,,,,,,1,Mother's Land,https://photobookers.com/creators/daniel-lee-postaer
17c92dd8-bb61-4087-931e-9e6d18d130f5,daniel-salemi,Daniel Salemi,artist,stub,,,,,,,,,,1,Firm,https://photobookers.com/creators/daniel-salemi
0f81421e-16fe-47a1-8479-15e80c365bbb,daniel-weiss,Daniel Weiss,artist,stub,,,,,,,,,,1,Pay Phone,https://photobookers.com/creators/daniel-weiss
03431224-66c0-46ad-9ebb-5faf57130407,daria-izworska,Daria Izworska,artist,stub,,,,,,,,,,1,GOD'S CHILDREN (NEW),https://photobookers.com/creators/daria-izworska
c65329bd-a821-4d83-8cb2-89c20951ec92,david-johnson,David Johnson,artist,stub,,,,,,,,,,1,East London 1977 –1980 Series. 2 Books,https://photobookers.com/creators/david-johnson
cf4f7fb5-5a47-4b22-ab09-e85da7842431,david-johnson-and-philip-matthews,David Johnson and Philip Matthews,artist,stub,,,,,,,,,,1,Wig Heavier Than a Boot,https://photobookers.com/creators/david-johnson-and-philip-matthews
cda6cc1d-f677-408c-b468-b3df9166c76c,david-risley,David Risley,artist,stub,,,,,,,,,,1,"Against God, Against Guns, Against Energy. Gun Store Paintings",https://photobookers.com/creators/david-risley
8025b678-17d6-4268-8470-dcb7c049b729,debbie-fleming-caffery,Debbie Fleming Caffery,artist,stub,,,,,,,,,,1,In Light of Everything,https://photobookers.com/creators/debbie-fleming-caffery
bed093ba-bae0-45fa-b08a-8ff979a9848a,debi-cornwall,Debi Cornwall,artist,stub,,,,,,,,,,1,Model Citizens,https://photobookers.com/creators/debi-cornwall
a9e35803-5205-4c95-a768-7a01a78cfae0,deborah-roberts,Deborah Roberts,artist,stub,,,,,,,,,,1,Twenty Years of Art/Work,https://photobookers.com/creators/deborah-roberts
bafb30a1-7535-4b14-9e74-c60f843c0788,diane-pierce,Diane Pierce,artist,stub,,,,,,,,,,1,Paper Constructs,https://photobookers.com/creators/diane-pierce
6d2aa3cd-8638-4ec3-b724-422c415a6ae0,dominik-wojciechowski,Dominik Wojciechowski,artist,stub,,,,,,,,,,1,SVIJET (NEW),https://photobookers.com/creators/dominik-wojciechowski
2418db16-f38b-45ba-aff1-3e4c85eafd20,doug-aitken,Doug Aitken,artist,stub,,,,,,,,,,1,Mirage,https://photobookers.com/creators/doug-aitken
f266a87f-4013-46d0-8cd8-0b8f2eb4bfe7,dreams-of-new-york,Dreams Of New York,artist,stub,,,,,,,,,,1,Forth + Back,https://photobookers.com/creators/dreams-of-new-york
a593a127-f7c0-421a-8656-c623c9a3cceb,duen-de-bux,Duen De Bux,publisher,stub,,,,,,,,,,1,A_Chroma,https://photobookers.com/creators/duen-de-bux
68efcd0a-ca82-4a32-ab93-027f21a0063c,earthworld-publishing,Earthworld Publishing,publisher,stub,,,,,,,,,,1,Mum's Not the Word,https://photobookers.com/creators/earthworld-publishing
3256e381-f68f-4d76-874f-a61040f93432,ed-templeton,Ed Templeton,artist,stub,,,,,,,,,,1,City Confessions #4 MILANO,https://photobookers.com/creators/ed-templeton
947712b5-e3c3-4f89-ba54-b52acf6b4ee9,ed-sunil-gupta,Ed. Sunil Gupta,artist,stub,,,,,,,,,,1,Tessa Boffin,https://photobookers.com/creators/ed-sunil-gupta
fba12853-c46b-43c7-90b6-0d2efd2cacac,editions-bessard,Editions Bessard,publisher,stub,,,,,,,,,,1,Green Lungs of the City,https://photobookers.com/creators/editions-bessard
f821a120-efe0-4188-8de7-22a1de6c8938,eiji-ohashi,Eiji Ohashi,artist,stub,,,,,,,,,,1,Roadside Lights 2020-2025,https://photobookers.com/creators/eiji-ohashi
eec2dd16-94d5-4ec6-86b9-354f80db8ec6,eleanor-coppola,Eleanor Coppola,artist,stub,,,,,,,,,,1,Two of Me: Notes on Living and Leaving,https://photobookers.com/creators/eleanor-coppola
9571cffc-2a82-48ed-ac95-80535372ac71,ellsworth-kelly,Ellsworth Kelly,artist,stub,,,,,,,,,,1,Austin,https://photobookers.com/creators/ellsworth-kelly
d030ab6c-ef56-45b4-96e3-74bfcc845ef9,elsa-lebaratoux,Elsa Lebaratoux,artist,stub,,,,,,,,,,1,Flair,https://photobookers.com/creators/elsa-lebaratoux
3d467bf2-f93a-4bd5-904e-812fc9072e02,eric-pierre-hairabedian,Eric Pierre Hairabedian,artist,stub,,,,,,,,,,1,Memento,https://photobookers.com/creators/eric-pierre-hairabedian
1a34f1f0-d982-40ec-84e5-543d8db8d799,erik-lindman,Erik Lindman,artist,stub,,,,,,,,,,1,Recent Paintings,https://photobookers.com/creators/erik-lindman
278ded4d-66e7-4624-b481-0effd7200997,ernesto-burgos,Ernesto Burgos,artist,stub,,,,,,,,,,1,Ernesto Burgos,https://photobookers.com/creators/ernesto-burgos
29002267-68cb-46bf-93ce-f598ec82326e,esther-klas,Esther Kläs,artist,stub,,,,,,,,,,1,clouds,https://photobookers.com/creators/esther-klas
57c40d36-c82f-4bf4-b837-899e2c8573a9,ezra-miller,Ezra Miller,artist,stub,,,,,,,,,,1,Plastic Pulse,https://photobookers.com/creators/ezra-miller
de6f659d-6127-4841-ba51-f834066d4046,felix-gonzalez-torres,Felix Gonzalez-Torres,artist,stub,,,,,,,,,,1,Always to Return,https://photobookers.com/creators/felix-gonzalez-torres
7d43c202-69bd-489d-8ccf-4ee337bc5036,felix-r-cid,Felix R. Cid,artist,stub,,,,,,,,,,1,X,https://photobookers.com/creators/felix-r-cid
943f5d6a-bd21-4c3a-9fd2-4214188a8e0a,fergus-feehily,Fergus Feehily,artist,stub,,,,,,,,,,1,Fergus Feehily,https://photobookers.com/creators/fergus-feehily
d1f7a256-6507-4325-a807-fe906a72d0dc,francheska-melendez-ben-roberts,Francheska Melendez & Ben Roberts,artist,stub,,,,,,,,,,1,Amuleto,https://photobookers.com/creators/francheska-melendez-ben-roberts
0905f99e-ab04-4e67-8272-d06626fd6d90,frank-frances,Frank Frances,artist,stub,,,,,,,,,,1,Remember the South,https://photobookers.com/creators/frank-frances
23b9057e-b3b1-4f85-8873-e5f022459b0e,fred-waldvogel,Fred Waldvogel,artist,stub,,,,,,,,,,1,Pilze,https://photobookers.com/creators/fred-waldvogel
b2e35247-7d27-4ad9-ba84-1581109746d0,frederike-helwig,Frederike Helwig,artist,stub,,,,,,,,,,1,Rundgang,https://photobookers.com/creators/frederike-helwig
6ccc2ea6-c748-451f-b233-f20eb6d7e9c6,frida-lisa-carstensen-jers,Frida Lisa Carstensen Jersø,artist,stub,,,,,,,,,,1,Frida Forever,https://photobookers.com/creators/frida-lisa-carstensen-jers
4ff54e7d-f8b1-457b-ad0e-e7f7fa9f7cf9,frieda-toranzo-jaeger,Frieda Toranzo Jaeger,artist,stub,,,,,,,,,,1,Autonomous Drive,https://photobookers.com/creators/frieda-toranzo-jaeger
04536901-5b62-4f6e-acff-f80c3218586b,fusako-kodama,Fusako Kodama,artist,stub,,,,,,,,,,1,1960-80,https://photobookers.com/creators/fusako-kodama
94effd12-7976-4087-9170-c574ad3888db,gabriel-orozco,Gabriel Orozco,artist,stub,,,,,,,,,,1,Diario De Plantas,https://photobookers.com/creators/gabriel-orozco
4386216a-45cf-4fa1-af47-b630ec2ec20a,gente-di-fotografia,Gente Di Fotografia,publisher,stub,,,https://gentedifotografia.it/en/home,https://www.instagram.com/gentedifotografia,https://www.facebook.com/gentedifotografia/,,,,,1,Un luogo bello,https://photobookers.com/creators/gente-di-fotografia
f58aeb84-ca68-41a2-9902-40f310dbd7c7,gestalten,Gestalten,publisher,stub,,,,,,,,,,1,TEMPORARY SPACES,https://photobookers.com/creators/gestalten
0a84da12-011d-4a0c-b7e5-a11225cd74ca,giancarlo-montes-santangelo,Giancarlo Montes Santangelo,artist,stub,,,,,,,,,,1,Improvising Sight Lines,https://photobookers.com/creators/giancarlo-montes-santangelo
85abb483-2a1b-4494-bd0c-c49e6413c695,giovanni-urgelles,Giovanni Urgelles,artist,stub,,,,,,,,,,1,"Ossining, New York",https://photobookers.com/creators/giovanni-urgelles
26a9de68-190a-4691-a8e3-bb151ccf7983,giulia-ferranti,Giulia Ferranti,artist,stub,,,,,,,,,,1,<3 ,https://photobookers.com/creators/giulia-ferranti
1f0aaf03-a750-47d0-9d02-cb509bc3c271,grant-archer,Grant Archer,artist,stub,,,,,,,,,,1,A Million Decaying Tree Stumps,https://photobookers.com/creators/grant-archer
64d3ab86-a504-4e6c-b204-f90897e7e5c4,grant-ellis,Grant Ellis,artist,stub,,,,,,,,,,1,Bless Your Heart,https://photobookers.com/creators/grant-ellis
aff63693-6b1b-46b6-a17b-c9b710d7298f,greer-lankton,Greer Lankton,artist,stub,,,,,,,,,,1,Could It Be Love,https://photobookers.com/creators/greer-lankton
8d0bb764-758b-40d8-a694-5fb8b6b6ad4a,griselda-san-martin,Griselda San Martin,artist,stub,,,,,,,,,,1,"Tijuana, Mexico",https://photobookers.com/creators/griselda-san-martin
868f4f02-38a3-4ea4-9b3f-52d9a2b0c4a8,gunnar-smoliansky,Gunnar Smoliansky,artist,stub,,,,,,,,,,1,Träd,https://photobookers.com/creators/gunnar-smoliansky
054cb369-941f-4d18-a4a4-956f2da975c7,guy-bolongaro,Guy Bolongaro,artist,stub,,,,,,,,,,1,Gravity Begins at Home,https://photobookers.com/creators/guy-bolongaro
f3ae5e95-e4aa-4e06-84e6-8967394d0f82,hachette,Hachette,publisher,stub,,,,,,,,,,1,Magnum La Storia Le Immagini,https://photobookers.com/creators/hachette
9c6f5cae-e51e-4cd0-a9ea-b5691c77a999,hannah-altman,Hannah Altman,artist,stub,,,,,,,,,,1,Kavana,https://photobookers.com/creators/hannah-altman
3e409080-b72b-47da-b1a0-9e70de15976b,harold-ancart,Harold Ancart,artist,stub,,,,,,,,,,1,Tokyo Private (Un Roman Photo),https://photobookers.com/creators/harold-ancart
cf1cf3c3-a216-4478-b805-7a86b1c87bb8,harper-collins-illustrated,Harper Collins Illustrated,publisher,stub,,,,,,,,,,1,Superstructure,https://photobookers.com/creators/harper-collins-illustrated
e7a44001-a834-46c2-b0ff-895a38fa5fad,hatje-cantz,Hatje Cantz,publisher,stub,,,,,,,,,,1,Collected memories,https://photobookers.com/creators/hatje-cantz
47ebc42c-d72b-442f-a108-a7bd1594d7ae,hayley-austin,Hayley Austin,artist,stub,,,,,,,,,,1,The Springs,https://photobookers.com/creators/hayley-austin
e7bbdb9c-570f-4882-9183-7d95ac642690,heiner-l-beisert,Heiner L. Beisert,artist,stub,,,,,,,,,,1,LOVE ME FOR LESS,https://photobookers.com/creators/heiner-l-beisert
1ff7ac2c-8c4c-444f-9dac-b099d83a74c6,henri-airo,Henri Airo,artist,stub,,,,,,,,,,1,Probable Cause,https://photobookers.com/creators/henri-airo
20195e38-8413-4a21-b2da-80aea4278df0,henry-wessel,Henry Wessel,artist,stub,,,,,,,,,,1,Soft Eyes,https://photobookers.com/creators/henry-wessel
9c65c2b4-7c27-462a-a39f-db64ac06a290,hikaru,Hikaru,artist,stub,,,,,,,,,,1,Shining,https://photobookers.com/creators/hikaru
ea03bb8f-266d-4ae3-901d-d641206ef5cb,hiromi-tsuchida,Hiromi Tsuchida,artist,stub,,,,,,,,,,1,Ouroboros,https://photobookers.com/creators/hiromi-tsuchida
27307cd2-0b4b-4d5f-8407-89ce5bf0db9c,hurtwood,Hurtwood,publisher,stub,,,,,,,,,,1,Rites of Passage,https://photobookers.com/creators/hurtwood
e3a9ca7b-7cbe-4627-9eea-d3c2a08c3aa7,iaroslav-koziatynskyi,Iaroslav Koziatynskyi,artist,stub,,,,,,,,,,1,DRUGA DZIELNICA,https://photobookers.com/creators/iaroslav-koziatynskyi
1b77f361-f19e-4e61-9b00-80ae2efdf0a2,a-photographic-research-project-by-ilya-rabinovich,Ilya Rabinovich,artist,stub,,,,,,,,,,1,Museutopia,https://photobookers.com/creators/a-photographic-research-project-by-ilya-rabinovich
32fb3475-6311-4c6d-a46e-83642ceddd3d,inaki-domingo,Iñaki Domingo,artist,stub,,,,,,,,,,1,Ser Sangre,https://photobookers.com/creators/inaki-domingo
6c2d7285-9f45-4590-8590-a1d5216b44a8,irek-tokarz,Irek Tokarz,artist,stub,,,,,,,,,,1,OUTSIDE,https://photobookers.com/creators/irek-tokarz
149e063a-70d1-4ffb-8412-22e6006c209c,irina-rozovsky-mark-steinmetz,"Irina Rozovsky, Mark Steinmetz",artist,stub,,,,,,,,,,1,Insieme,https://photobookers.com/creators/irina-rozovsky-mark-steinmetz
109857f7-0fcb-452a-8909-ddee8e509255,isaac-diggs-and-edward-hillel,Isaac Diggs and Edward Hillel,artist,stub,,,,,,,,,,1,Electronic Landscapes,https://photobookers.com/creators/isaac-diggs-and-edward-hillel
3f2cd048-cf83-46f4-a872-befcdb28f0aa,ivan-anisimov,Ivan Anisimov,artist,stub,,,,,,,,,,1,Pants on Top of Shoes,https://photobookers.com/creators/ivan-anisimov
90f7b181-c168-4583-b7e0-20f3ad172a7e,jacob-lazarus,Jacob Lazarus,artist,stub,,,,,,,,,,1,Frames of Annexation,https://photobookers.com/creators/jacob-lazarus
41ccbc1f-bdf6-4f4f-a11d-201459512edd,jake-clark,Jake Clark,artist,stub,,,,,,,,,,1,The Package Holiday 1968 - 1985 (Book 14: Vintage Britain),https://photobookers.com/creators/jake-clark
f2af6623-1e67-47dd-bdff-2d738676ec32,jakub-szachnowski,Jakub Szachnowski,artist,stub,,,,,,,,,,1,THE HAWK,https://photobookers.com/creators/jakub-szachnowski
9066801e-8dea-499e-a95b-e98c3e18c338,jakub-szachnowski-and-lukasz-ryga,Jakub Szachnowski and Lukasz Rygał,artist,stub,,,,,,,,,,1,PLACE WHERE KITES FLY,https://photobookers.com/creators/jakub-szachnowski-and-lukasz-ryga
9831ad9a-ca9f-401b-a72e-19526da905f4,james-becket,James Becket,artist,stub,,,,,,,,,,1,"Zagora, 1967",https://photobookers.com/creators/james-becket
44c143f3-8fc9-444a-b6d9-9f2238ff1d5d,james-drake,James Drake,artist,stub,,,,,,,,,,1,Tongue-Cut Sparrows,https://photobookers.com/creators/james-drake
41b067f4-8d8f-4b90-902b-66585b0da011,jan-s-hansen,Jan S. Hansen,artist,stub,,,,,,,,,,1,Tetra AL,https://photobookers.com/creators/jan-s-hansen
1e20bff9-343e-4830-991c-41995bff2d0a,jared-soares,Jared Soares,artist,stub,,,,,,,,,,1,Washington D.C.,https://photobookers.com/creators/jared-soares
3a994e13-a51f-4560-846c-8fd761825615,jari-salo,Jari Salo,artist,stub,,,,,,,,,,1,MONOLITH,https://photobookers.com/creators/jari-salo
a2f92b57-d226-483b-880e-660ab4124411,jason-hanasik,Jason Hanasik,artist,stub,,,,,,,,,,1,I slowly watched him disappear,https://photobookers.com/creators/jason-hanasik
ee72a6dd-c61f-4023-a349-261f416a3fb6,jason-lazarus,Jason Lazarus,artist,stub,,,,,,,,,,1,Nirvana,https://photobookers.com/creators/jason-lazarus
849ff5fc-0207-484f-b7a8-01fb1c2f79c6,jean-gaumy,Jean Gaumy,artist,stub,,,,,,,,,,1,"A Certain Nature, after Giverny",https://photobookers.com/creators/jean-gaumy
2b89e781-e7e8-4512-983b-a95639ca1232,jean-christophe-arcos,Jean-Christophe Arcos,artist,stub,,,,,,,,,,1,Something Vibrantly Alive,https://photobookers.com/creators/jean-christophe-arcos
eb09bf97-7291-4ea3-b269-6758543570b5,jean-philippe-toussaint,Jean-Philippe Toussaint,artist,stub,,,,,,,,,,1,L'instant visible,https://photobookers.com/creators/jean-philippe-toussaint
406c2b88-a093-4ea6-96d1-cfa471a5769a,jeanette-spicer,Jeanette Spicer,artist,stub,,,,,,,,,,1,Sea,https://photobookers.com/creators/jeanette-spicer
26cdfb3f-f613-439d-829d-9fbf7b949ed1,jed-devine,Jed Devine,artist,stub,,,,,,,,,,1,"New York, Mostly on Sundays",https://photobookers.com/creators/jed-devine
3397c4eb-9b5a-4196-8b2b-3c0826c58ed5,jeff-smudde,Jeff Smudde,artist,stub,,,,,,,,,,1,You Don't Need to Hurry Home,https://photobookers.com/creators/jeff-smudde
92587f4c-d6f5-46a4-be18-8fa097472831,jennie-c-jones,Jennie C. Jones,artist,stub,,,,,,,,,,1,A Free and Shifting Tonal Center,https://photobookers.com/creators/jennie-c-jones
c066e36c-4d37-480d-b9dc-e8394e2b31e7,jens-olof-lasthein,Jens Olof Lasthein,artist,stub,,,,,,,,,,1,Weltschmerz,https://photobookers.com/creators/jens-olof-lasthein
0fb04324-3390-4624-abf9-73ea45801518,jermaine-francis,Jermaine Francis,artist,stub,,,,,,,,,,1,Post-industrial Dreamscape (Version ii),https://photobookers.com/creators/jermaine-francis
1c19795c-950d-4541-a1f8-7f86a2ba798d,jess-t-dugan-charlotte-cotton,Jess T. Dugan & Charlotte Cotton,artist,stub,,,,,,,,,,1,Love Pictures,https://photobookers.com/creators/jess-t-dugan-charlotte-cotton
0693bdd5-fe86-4af3-9d07-71836ac3c5b9,jo-ractliffe,Jo Ractliffe,artist,stub,,,,,,,,,,1,Out of Place,https://photobookers.com/creators/jo-ractliffe
427a07f5-bcca-4166-bcd7-46188a2b6a2f,joanna-tochman,Joanna Tochman,artist,stub,,,,,,,,,,1,SUNSPOT,https://photobookers.com/creators/joanna-tochman
49019c02-dea5-4def-872e-7818781ab858,joe-lai,Joe Lai,artist,stub,,,,,,,,,,1,Showa,https://photobookers.com/creators/joe-lai
b6694c28-b9fa-4dc0-811f-4110c9b0fa13,joe-lai-heitai-cheung,Joe Lai & Heitai Cheung,artist,stub,,,,,,,,,,1,Big Hair,https://photobookers.com/creators/joe-lai-heitai-cheung
002a486f-6c12-4b72-bbe3-8fd872a509c6,johanna-kotlaris,Johanna Kotlaris,artist,stub,,,,,,,,,,1,Jessica Jessica Jessica,https://photobookers.com/creators/johanna-kotlaris
dd421084-a063-428d-a909-a033416c07a3,john-balsom,John Balsom,artist,stub,,,,,,,,,,1,Diamond Cross,https://photobookers.com/creators/john-balsom
ade5a50c-3ba2-4267-9126-30c198281d3f,john-bulmer,John Bulmer,artist,stub,,,,,,,,,,1,France 1960s,https://photobookers.com/creators/john-bulmer
cc7000ee-164d-423a-abe3-8015b4292236,john-coffey,John Coffey,artist,stub,,,,,,,,,,1,Philadelphia Scool Of Music & Art,https://photobookers.com/creators/john-coffey
0a13dc22-f717-4d0b-8e74-8f9edfb8cc19,jon-henry,Jon Henry,artist,stub,,,,,,,,,,1,Stranger Fruit,https://photobookers.com/creators/jon-henry
0b00a595-3851-4575-9949-e6b3a1ad697d,jonas-feige-and-alan-huck,Jonas Feige and Alan Huck,artist,stub,,,,,,,,,,1,A Narrow Foothold,https://photobookers.com/creators/jonas-feige-and-alan-huck
de2847cb-2e1c-44b5-8fad-480195deb2c4,jono-rotman,Jono Rotman,artist,stub,,,,,,,,,,1,Mongrelism,https://photobookers.com/creators/jono-rotman
3a3b7ec7-dbf7-42ee-a147-40d92992d022,jorg-bruggemann,Jörg Brüggemann,artist,stub,,,,,,,,,,1,Tres Viajes,https://photobookers.com/creators/jorg-bruggemann
b7c6a381-7384-4ddc-8160-f62ae5df9d7a,joseph-p-traina,Joseph P Traina,artist,stub,,,,,,,,,,1,Seattle,https://photobookers.com/creators/joseph-p-traina
2cbf9af6-3162-4cbe-8138-0f98fab4fcec,joshua-amirthasingh,Joshua Amirthasingh,artist,stub,,,,,,,,,,1,Tales from the City,https://photobookers.com/creators/joshua-amirthasingh
7a3faae6-a515-4dd9-bdec-0f071ecd7af9,joshua-blackburn,Joshua Blackburn,artist,stub,,,,,,,,,,1,Launderama,https://photobookers.com/creators/joshua-blackburn
0b3fb92a-0b39-4d6b-9f02-6619eb644c49,julia-rommel,Julia Rommel,artist,stub,,,,,,,,,,1,Julia Rommel,https://photobookers.com/creators/julia-rommel
15853480-054b-4a44-b532-55f6c41748fb,julian-faulhaber,Julian Faulhaber,artist,stub,,,,,,,,,,1,Catalogue,https://photobookers.com/creators/julian-faulhaber
8d287fe3-72d8-4618-830e-ee870ee42646,julie-blackmon,Julie Blackmon,artist,stub,,,,,,,,,,1,Midwest Materials,https://photobookers.com/creators/julie-blackmon
63f28aa5-9e3e-404a-ae37-a0efdf4a5909,julie-glassberg,Julie Glassberg,artist,stub,,,,,,,,,,1,Dekotora,https://photobookers.com/creators/julie-glassberg
0b0b3d27-8369-481f-9039-d29fa2b4cc6f,julie-patarin-jossec,Julie Patarin-Jossec,artist,stub,,,,,,,,,,1,"The Thread of Water: Ethnography, Photography, & Feminist Ecologies",https://photobookers.com/creators/julie-patarin-jossec
0f28d9a6-bf43-47a1-82a0-f7138195fd98,kaja-leijon,Kaja Leijon,artist,stub,,,,,,,,,,1,Another World,https://photobookers.com/creators/kaja-leijon
e1d19be4-f959-43c3-8368-47b81601ae69,karim-kal,Karim Kal,artist,stub,,,,,,,,,,1,Mons Ferratus,https://photobookers.com/creators/karim-kal
99b9d1bb-bd32-48cc-bbd2-5be7347db6f4,katalin-deer,Katalin Deér,artist,stub,,,,,,,,,,1,Ur Haus,https://photobookers.com/creators/katalin-deer
0b0c23b5-0da7-40d3-ba38-e1623dad7db0,katherine-hubbard,Katherine Hubbard,artist,stub,,,,,,,,,,1,The Great Room,https://photobookers.com/creators/katherine-hubbard
68191ceb-5f5f-4dbc-b181-edb5ee870132,kathryn-bethel,Kathryn Bethel,artist,stub,,,,,,,,,,1,Denby Brothers (Spinners) Ltd. Keighley. 1978,https://photobookers.com/creators/kathryn-bethel
b3b076de-80c9-4b2a-a7d7-ad9b8116531b,katie-waggett,Katie Waggett,artist,stub,,,,,,,,,,1,Sunday Best,https://photobookers.com/creators/katie-waggett
0d933980-6b21-4786-a81e-07acbfd837b6,keiko-nomura,Keiko Nomura,artist,stub,,,,,,,,,,1,Dragon Blue,https://photobookers.com/creators/keiko-nomura
e242c710-ee02-4b74-a9c9-66b84c157580,kenneth-and-marylynne-wrye,Kenneth and MaryLynne Wrye,artist,stub,,,,,,,,,,1,"Afghanistan, 1966 - 1974",https://photobookers.com/creators/kenneth-and-marylynne-wrye
a46842ea-89cd-4948-87e4-60c38711efce,khashayar-javanmardi,Khashayar Javanmardi,artist,stub,,,,,,,,,,1,Caspian: A Southern Reflection,https://photobookers.com/creators/khashayar-javanmardi
61ecd797-023c-42d2-9fc7-b5a05f32cb2d,kiliii-yuyan,Kiliii Yüyan,artist,stub,,,,,,,,,,1,Chukotka,https://photobookers.com/creators/kiliii-yuyan
be236cd8-00c6-4d4f-8dab-e6f4b25be4f9,kominek-books,Kominek Books,publisher,stub,,,,,,,,,,1,Lookng for Love,https://photobookers.com/creators/kominek-books
2889734a-2004-43d4-ac77-09ecabb84e70,konrad-bryczek,Konrad Bryczek,artist,stub,,,,,,,,,,1,ITS ONLY OCTOBER,https://photobookers.com/creators/konrad-bryczek
32a3b14a-b33d-48de-a872-433597b6d6c0,konrad-kozminski,Konrad Koźmiński,artist,stub,,,,,,,,,,1,WITH GHOSTS AND SOULS,https://photobookers.com/creators/konrad-kozminski
6183c75e-f32c-4e0e-91fe-2a7f81a20308,la-fabrica,La Fábrica,publisher,stub,,,,,,,,,,1,New American Topographics,https://photobookers.com/creators/la-fabrica
5b26c90b-1b0d-43ad-a2a0-ea55c54aee28,la-fabrica-dph,"La Fábrica, DPH",publisher,stub,,,,,,,,,,1,The P Line. The Bunkers of the Pyrenees,https://photobookers.com/creators/la-fabrica-dph
2d302d25-a029-42e5-aea4-edd24f52f7d9,lars-tunbjork,Lars Tunbjörk,artist,stub,,,,,,,,,,1,Office / LA Office,https://photobookers.com/creators/lars-tunbjork
83e122c0-efcb-4414-8072-08f78e90ecb4,laura-mcphee,Laura McPhee,artist,stub,,,,,,,,,,1,Calcutta,https://photobookers.com/creators/laura-mcphee
04c3355a-d74d-4c83-a0b1-fa96215818fa,lauren-noelle-oliver,Lauren Noelle Oliver,artist,stub,,,,,,,,,,1,Temple of the Self,https://photobookers.com/creators/lauren-noelle-oliver
e890d98b-201f-449f-9d91-bb7bae0fecd5,laurent-chevalier,Laurent Chevalier,artist,stub,,,,,,,,,,1,Enough,https://photobookers.com/creators/laurent-chevalier
636bed36-e929-4058-8dfb-9a28c325749d,laurie-lambrecht,Laurie Lambrecht,artist,stub,,,,,,,,,,1,tēxēre,https://photobookers.com/creators/laurie-lambrecht
b42902d8-fb9e-4949-b47a-d8d481b83b33,leah-gordon,Leah Gordon,artist,stub,,,,,,,,,,1,Kanaval,https://photobookers.com/creators/leah-gordon
46e95ff6-4640-4882-9114-ac0a8809da49,linda-foard-roberts,Linda Foard Roberts,artist,stub,,,,,,,,,,1,Lament,https://photobookers.com/creators/linda-foard-roberts
fe6d842a-fa5d-4a28-9a7d-e64ac7bdefab,linda-pitts,Linda Pitts,artist,stub,,,,,,,,,,1,The World Student Games Sheffield 1991,https://photobookers.com/creators/linda-pitts
f8f349f8-d1a5-4b1d-ad94-b4d9dd3374b5,linda-rosenkrantz,Linda Rosenkrantz,artist,stub,,,,,,,,,,1,Peter Hujar's Day,https://photobookers.com/creators/linda-rosenkrantz
f67449e5-bcb1-4ff6-bd8e-ef20803a6651,linn-pedersen,Linn Pedersen,artist,stub,,,,,,,,,,1,Day for Night,https://photobookers.com/creators/linn-pedersen
5b7b400d-1f55-4598-9dbc-c46cb80c1a14,little-brown-mushroom,Little Brown Mushroom,publisher,stub,,,,,,,,,,1,The Last Days of W.,https://photobookers.com/creators/little-brown-mushroom
9f52f8c2-f042-40e5-85a0-fb3482899bec,lois-conner,Lois Conner,artist,stub,,,,,,,,,,1,Beijing,https://photobookers.com/creators/lois-conner
c579458c-ed2b-4e66-b381-2e39004284e6,lonnie-graham,Lonnie Graham,artist,stub,,,,,,,,,,1,A Conversation with the World,https://photobookers.com/creators/lonnie-graham
b07ef2fc-fea4-4ff0-863b-ed9221f05954,louie-edison,Louie Edison,artist,stub,,,,,,,,,,1,46,https://photobookers.com/creators/louie-edison
e635d0f3-b107-4add-b377-5849dddfea00,luciano-rigolini,Luciano Rigolini,artist,stub,,,,,,,,,,1,Apparere,https://photobookers.com/creators/luciano-rigolini
b6d5f0ed-1c3d-4e30-9bf0-5195a7697ceb,luhz-press,Luhz Press,publisher,stub,,,,,,,,,,1,Eyes Dazzle as They Search for the Truth,https://photobookers.com/creators/luhz-press
6e77e9fc-59fc-47a6-b4f2-03a58426706d,ukasz-zajac,Łukasz Zając,artist,stub,,,,,,,,,,1,PIDŁO,https://photobookers.com/creators/ukasz-zajac
61474a28-651b-4fb2-b3d2-b78f6f20ce30,luke-a-abiol,Luke A Abiol,artist,stub,,,,,,,,,,1,San Francisco,https://photobookers.com/creators/luke-a-abiol
b5338742-91bf-4761-875e-3084b8343289,luke-abiol,Luke Abiol,artist,stub,,,,,,,,,,1,Winters Berlin,https://photobookers.com/creators/luke-abiol
0fa4858c-e64d-47b4-9e4a-ff7abcd92435,lyndsey-groth,Lyndsey Groth,artist,stub,,,,,,,,,,1,August,https://photobookers.com/creators/lyndsey-groth
097b2ace-ab37-4399-8b17-f9be0ed92223,lynn-saville,Lynn Saville,artist,stub,,,,,,,,,,1,New York,https://photobookers.com/creators/lynn-saville
bfa755d9-ef74-4ad1-b76e-eab947ff81be,maciej-forreiter-and-jakub-szachnowski,Maciej Forreiter and Jakub Szachnowski,artist,stub,,,,,,,,,,1,RAREFIED (SECOND EDITION) - LIMITED,https://photobookers.com/creators/maciej-forreiter-and-jakub-szachnowski
0a58a1e9-9adc-4794-a948-ecad0b9c0188,magdalena-wywrot,Magdalena Wywrot,artist,stub,,,,,,,,,,1,Pestka,https://photobookers.com/creators/magdalena-wywrot
eb446e95-e243-4f82-8382-70a9b7ce93f8,maia-ruth-lee,Maia Ruth Lee,artist,stub,,,,,,,,,,1,Bondage Baggage,https://photobookers.com/creators/maia-ruth-lee
aa00f64c-ba21-415c-8941-9879ee1916b6,marc-breslin,Marc Breslin,artist,stub,,,,,,,,,,1,Sticksville,https://photobookers.com/creators/marc-breslin
43310559-4c6a-422a-91fa-d42754f333c2,marcus-gustafsson,Marcus Gustafsson,artist,stub,,,,,,,,,,1,Filling in the Gaps,https://photobookers.com/creators/marcus-gustafsson
2b06e3f9-53b4-43c0-bec0-ce82c2a563fd,margo-davis,Margo Davis,artist,stub,,,,,,,,,,1,Antigua: Photographs 1967-73,https://photobookers.com/creators/margo-davis
5675bd74-1944-46b5-8398-eb5788c957ee,marie-smith,Marie Smith,artist,stub,,,,,,,,,,1,The Fog Has Lifted,https://photobookers.com/creators/marie-smith
5736b793-dc1a-45f9-8a07-2a991e52f1d8,marina-grize,Marina Grize,artist,stub,,,,,,,,,,1,"a screen, a mirror, a window",https://photobookers.com/creators/marina-grize
31c6b48c-02bc-43aa-96c7-f491df3132e8,marissa-patrice-leitman,Marissa Patrice Leitman,artist,stub,,,,,,,,,,1,Lucky All The Time,https://photobookers.com/creators/marissa-patrice-leitman
68231ca9-932e-4b5f-83ff-4bcdfcc88f86,marjolein-martinot,Marjolein Martinot,artist,stub,,,,,,,,,,1,Riverland,https://photobookers.com/creators/marjolein-martinot
0b072865-38f0-466e-a74d-7d5232781146,mark-klett-william-l-fox,Mark Klett & William L. Fox,artist,stub,,,,,,,,,,1,Remembering the Future,https://photobookers.com/creators/mark-klett-william-l-fox
ca81a93f-edd6-45a1-8965-1cc3526655e2,mark-mahaney,Mark Mahaney,artist,stub,,,,,,,,,,1,Polar Night,https://photobookers.com/creators/mark-mahaney
c6fab275-e166-4e87-b95f-c1979c205257,mark-mcevoy,Mark McEvoy,artist,stub,,,,,,,,,,1,London Underground 1992–1995 | Notting Hill Carnival 1987–1992,https://photobookers.com/creators/mark-mcevoy
9b22151c-c9f0-47f0-b5c2-9dd0b18a93eb,marketa-luskacova,Markéta Luskačová,artist,stub,,,,,,,,,,1,Šumiac Bread. Slovakia 1967–1974,https://photobookers.com/creators/marketa-luskacova
8157658a-72a2-45ef-becd-615050761bbf,martijn-schmidt,Martijn Schmidt,artist,stub,,,,,,,,,,1,AFTER KYTICE,https://photobookers.com/creators/martijn-schmidt
7a6ec81a-466e-4024-a616-b90b65f11ba8,marylynne-wrye,MaryLynne Wrye,artist,stub,,,,,,,,,,1,Journey,https://photobookers.com/creators/marylynne-wrye
9d0530b6-e6a9-481a-bc06-3fb257abe0eb,masako-tomiya,Masako Tomiya,artist,stub,,,,,,,,,,1,Kito,https://photobookers.com/creators/masako-tomiya
829273ca-2af7-4ef1-8a7e-fc229a962226,max-cole,Max Cole,artist,stub,,,,,,,,,,1,Endless Journey,https://photobookers.com/creators/max-cole
da693bd8-a613-47b7-a5a3-e5ed8d2368b7,mayuko-ukawa,Mayuko Ukawa,artist,stub,,,,,,,,,,1,Les Deux Crépuscules,https://photobookers.com/creators/mayuko-ukawa
a232d983-1f3f-4c34-94c6-3f38ea116cb7,melanie-matthieu,Melanie Matthieu,artist,stub,,,,,,,,,,1,Lâmo Lâva,https://photobookers.com/creators/melanie-matthieu
89c1cb3e-e0b8-4da7-941d-bffdfff5a4ea,melissa-alcena,Melissa Alcena,artist,stub,,,,,,,,,,1,People of the Sun,https://photobookers.com/creators/melissa-alcena
774cb5b2-b524-4edb-ac7e-97128a995bfd,melody-melamed,Melody Melamed,artist,stub,,,,,,,,,,1,Shangri La: The Book of Skin,https://photobookers.com/creators/melody-melamed
db1cacbb-0288-4446-b199-2bf9365cc44b,michael-cardinali,Michael Cardinali,artist,stub,,,,,,,,,,1,Boston,https://photobookers.com/creators/michael-cardinali
8cd2324b-c493-44ae-bff9-dd65554c5c38,michael-gessner,Michael Gessner,artist,stub,,,,,,,,,,1,Masse,https://photobookers.com/creators/michael-gessner
1845f934-b16f-403b-acb5-01a507d598c7,michael-lin,Michael Lin,artist,stub,,,,,,,,,,1,Mariposa B1-09,https://photobookers.com/creators/michael-lin
36e41f5b-0c48-41bb-bb3b-8e2f9ece7d45,michael-schmelling,Michael Schmelling,artist,stub,,,,,,,,,,1,Rise & Fall,https://photobookers.com/creators/michael-schmelling
0626c655-207e-4e76-ae48-25409629aba6,michael-wolf,Michael Wolf,artist,stub,,,,,,,,,,1,Architecture of Density Hong Kong,https://photobookers.com/creators/michael-wolf
6ead4787-7da4-4719-8c0e-7e53d5da0841,michel-mazzoni,Michel Mazzoni,artist,stub,,,,,,,,,,1,Verticales,https://photobookers.com/creators/michel-mazzoni
783e987b-8d12-468b-8c2d-c1ebe2cce79d,michel-vermare,Michel Vermare,artist,stub,,,,,,,,,,1,Hong Kong 1992–1997 | Ireland 1977,https://photobookers.com/creators/michel-vermare
047678db-af55-412a-8d85-0222df1cd212,mike-hobbs,Mike Hobbs,artist,stub,,,,,,,,,,1,NHS Workers’ Strikes London 1974,https://photobookers.com/creators/mike-hobbs
73270e93-af93-4c12-b3a7-95a59e6f7851,mikhail-mishin,Mikhail Mishin,artist,stub,,,,,,,,,,1,Endless Bridge,https://photobookers.com/creators/mikhail-mishin
c7e8b8d9-d82a-4ca0-a479-13b27eef09e1,mikiko-hara,Mikiko Hara,artist,stub,,,,,,,,,,1,Small Myths,https://photobookers.com/creators/mikiko-hara
f333ca16-cba4-4c13-9e85-46f17d0a8656,mimi-plumb,Mimi Plumb,artist,stub,,,,,,,,,,1,Blazing Light,https://photobookers.com/creators/mimi-plumb
df8ff56c-0c1a-4982-b154-82e0344a441f,minh-ngoc-nguyen,Minh Ngoc Nguyen,artist,stub,,,,,,,,,,1,Sour Sun,https://photobookers.com/creators/minh-ngoc-nguyen
4410dfe9-3d6d-4ae1-aca5-9ee6dfd65f90,minimalist-works,Minimalist Works,publisher,stub,,,,,,,,,,1,New Vedute - Alternative Postcards of Italy,https://photobookers.com/creators/minimalist-works
43e370ee-018e-4b7f-a581-0588ff32fe5b,moe-suzuki,Moe Suzuki,artist,stub,,,,,,,,,,1,Sokohi,https://photobookers.com/creators/moe-suzuki
97c38977-2745-4b82-a1b5-4926d70ff4db,mohamed-hassan,Mohamed Hassan,artist,stub,,,,,,,,,,1,Nuestra Habitación Secreta,https://photobookers.com/creators/mohamed-hassan
7e88201a-dedc-46c4-82c4-929e3df93fb3,monaris,Monaris,artist,stub,,,,,,,,,,1,Collecting Hands,https://photobookers.com/creators/monaris
eac559ba-6e10-4f70-99da-a05039a9fe80,mw-editions,Mw Editions,publisher,stub,,,,,,,,,,1,The Unchosen Ones: Portraits of an American Pastoral,https://photobookers.com/creators/mw-editions
a13c1772-4e25-4480-8f7c-36b3af1b2109,naohiro-harada,Naohiro Harada,artist,stub,,,,,,,,,,1,Tokyo Fishgraphs | 2020,https://photobookers.com/creators/naohiro-harada
3c61b21c-5185-44bf-82d8-968936fc5925,nat-ward,Nat Ward,artist,stub,,,,,,,,,,1,Big Throat,https://photobookers.com/creators/nat-ward
2cbc404f-58ff-477c-9252-e6e7c60a9039,nathalie-ericson,Nathalie Ericson,artist,stub,,,,,,,,,,1,026 - Nathalie Ericson,https://photobookers.com/creators/nathalie-ericson
8a8cc65b-914c-4626-8665-066925089af1,nelson-chan,Nelson Chan,artist,stub,,,,,,,,,,1,Hong Kong,https://photobookers.com/creators/nelson-chan
04d93569-adcb-4a2f-8cbb-9f7f52bbad93,nhu-xuan-hua,Nhu Xuan Hua,artist,stub,,,,,,,,,,1,Tropism,https://photobookers.com/creators/nhu-xuan-hua
817dcef6-a4d6-405e-be85-89f1549d5652,nicola-buonomo,Nicola Buonomo,artist,stub,,,,,,,,,,1,Luoghi,https://photobookers.com/creators/nicola-buonomo
a886a830-cb36-4b8c-a172-4d3bc6c15985,nikolay-bakharev,Nikolay Bakharev,artist,stub,,,,,,,,,,1,Cheryomushki,https://photobookers.com/creators/nikolay-bakharev
9d85f28c-24c2-472a-bab5-ebed598be2d5,nobuyoshi-takagi,Nobuyoshi Takagi,artist,stub,,,,,,,,,,1,The Hawk and the Tall Tree,https://photobookers.com/creators/nobuyoshi-takagi
caf18ad4-1508-4e85-ad63-d66e83a93e1e,noriko-shibuya,Noriko Shibuya,artist,stub,,,,,,,,,,1,Takenokozoku,https://photobookers.com/creators/noriko-shibuya
3d217c22-6c7b-4533-bcfc-209e78543b93,notwrong-no2,NotWrong No2,artist,stub,,,,,,,,,,1,SOLACE,https://photobookers.com/creators/notwrong-no2
5f4c82db-669b-48b0-85d3-ce460e4764c4,nuno-barroso,Nuno Barroso,artist,stub,,,,,,,,,,1,Estrela Decadente,https://photobookers.com/creators/nuno-barroso
97b12c83-fcea-47d8-b380-ab0fca032740,nydia-blas,Nydia Blas,artist,stub,,,,,,,,,,1,Revival,https://photobookers.com/creators/nydia-blas
b970e51c-1f43-4fca-ba89-a67443c50634,ocean-vuong,Ocean Vuong,artist,stub,,,,,,,,,,1,"Pictures and Poems, No. 04: Way to Dust (Ocean Vuong)",https://photobookers.com/creators/ocean-vuong
6d3d0076-5c74-436a-aaa2-1431d8dec18b,oji-haynes,Oji Haynes,artist,stub,,,,,,,,,,1,Anthem,https://photobookers.com/creators/oji-haynes
2e7e280f-3dd1-4a62-9866-986ce621867a,olive-atlas-editions,Olive Atlas Editions,publisher,stub,,,,,,,,,,1,Inventory of the Impermanent,https://photobookers.com/creators/olive-atlas-editions
bac362b9-8dbc-4caf-b431-6c313a7c2f19,olivia-malone,Olivia Malone,artist,stub,,,,,,,,,,1,Tonal,https://photobookers.com/creators/olivia-malone
396f4213-6730-490f-bbbc-36ca4f01ef6d,ollie-babajide-tikare,Ollie Babajide Tikare,artist,stub,,,,,,,,,,1,ÈKÓ,https://photobookers.com/creators/ollie-babajide-tikare
b257d249-c677-45ae-8e7f-cca355737715,orestes-gonzalez,Orestes Gonzalez,artist,stub,,,,,,,,,,1,Julio's House,https://photobookers.com/creators/orestes-gonzalez
c9ebb320-afb2-4df6-a651-ce4eda9bcf68,osma-harvilahti,Osma Harvilahti,artist,stub,,,,,,,,,,1,Ethiopia,https://photobookers.com/creators/osma-harvilahti
5f6a654b-32e3-4107-878c-e906bb1588ce,ouattara-watts,Ouattara Watts,artist,stub,,,,,,,,,,1,Ouattara Watts,https://photobookers.com/creators/ouattara-watts
46e7289e-adb8-4f3e-9eab-a0d80205d34a,pablo-lerma,Pablo Lerma,artist,stub,,,,,,,,,,1,A Place to Disappear,https://photobookers.com/creators/pablo-lerma
57899aca-2121-4bc6-bb18-739ab1122ab6,paolo-roversi,Paolo Roversi,artist,stub,,,,,,,,,,1,The Smell of India,https://photobookers.com/creators/paolo-roversi
a7be6d0a-87e4-4840-9607-7987c104d048,patrick-dougherty-james-florio,Patrick Dougherty & James Florio,artist,stub,,,,,,,,,,1,Sticks,https://photobookers.com/creators/patrick-dougherty-james-florio
01680ced-a22d-4649-98df-60a0e96aac8f,patrick-ward,Patrick Ward,artist,stub,,,,,,,,,,1,"The Dirty Dozen Arizona, 1979",https://photobookers.com/creators/patrick-ward
aefb3b42-355b-4fa1-8392-9a1b03b94689,patty-carroll,Patty Carroll,artist,stub,,,,,,,,,,1,Domestic Demise,https://photobookers.com/creators/patty-carroll
cda73d5d-e8d5-4a5d-ac9a-f834a0021e22,paul-murray,Paul Murray,artist,stub,Dublin,Ireland,https://www.reflexlens.com/,,,,,,,1,Side Street,https://photobookers.com/creators/paul-murray
93f4ace5-2e0b-4579-8734-575154ac7c2a,paul-thorpe,Paul Thorpe,artist,stub,,,,,,,,,,1,Oldham 1974–1988,https://photobookers.com/creators/paul-thorpe
5447b50b-122d-4765-902c-2509f2c47be7,pauline-vermare,Pauline Vermare,artist,stub,,,,,,,,,,1,Un désir absolu de mémoire,https://photobookers.com/creators/pauline-vermare
eca6237e-ef0d-4d90-8a57-a75bd547b3d8,peter-baker,Peter Baker,artist,stub,,,,,,,,,,1,Los Angeles Without Boundaries,https://photobookers.com/creators/peter-baker
04675e4f-8371-4a2c-9823-d3cbbed63ba4,peter-benson,Peter Benson,artist,stub,,,,,,,,,,1,Teesside 1968–1999 series. 2 Books,https://photobookers.com/creators/peter-benson
fb5c817a-670e-42e3-8899-18e2c4116a40,peter-netley,Peter Netley,artist,stub,,,,,,,,,,1,Coney Island 1973,https://photobookers.com/creators/peter-netley
c99bcaed-41bb-4e67-8bf2-f4982149dbee,peter-tomka,Peter Tomka,artist,stub,,,,,,,,,,1,Double Player,https://photobookers.com/creators/peter-tomka
b97be0dc-9139-4b2f-b001-e509a9cf8194,phil-donohue,Phil Donohue,artist,stub,,,,,,,,,,1,I dreamed it was better than it was,https://photobookers.com/creators/phil-donohue
c4894295-0325-4f4c-8fa1-0f74a9bb17df,philip-cheung,Philip Cheung,artist,stub,,,,,,,,,,1,Wildfire,https://photobookers.com/creators/philip-cheung
87dcb237-f38c-48d2-9ff4-a05f90feb240,pia-riverola,Pia Riverola,artist,stub,,,,,,,,,,1,Días,https://photobookers.com/creators/pia-riverola
04ce58f5-ecda-405b-8eba-31f5448fd8f8,pier-24-photography,Pier 24 Photography,publisher,stub,,,,,,,,,,1,Darrell and Patricia: A Love Story,https://photobookers.com/creators/pier-24-photography
dff0a1a2-6cb3-40f3-93c8-0b929a8379c4,pieter-hugo,Pieter Hugo,artist,stub,,,,,,,,,,1,Californian Wildflowers,https://photobookers.com/creators/pieter-hugo
cf8bd1da-43b0-48a6-ae22-d4ff7db66f50,poppy-jones,Poppy Jones,artist,stub,,,,,,,,,,1,Poppy Jones,https://photobookers.com/creators/poppy-jones
ad61c8df-cc8a-48a9-8379-fe29e7fc1585,proper-pictures,Proper Pictures,publisher,stub,,,,,,,,,,1,Constant Exposure,https://photobookers.com/creators/proper-pictures
8ab545a4-2645-494c-89a9-fda64633b49c,rachel-cox,Rachel Cox,artist,stub,,,,,,,,,,1,Shiny Ghost,https://photobookers.com/creators/rachel-cox
8a9fb88b-92af-44dd-b7ac-5f6536b72d22,rachelle-mozman-solano,Rachelle Mozman Solano,artist,stub,,,,,,,,,,1,Colonial Echo,https://photobookers.com/creators/rachelle-mozman-solano
38dacf02-e81a-427d-a0f5-4a7c1dcce534,rajni-perera,Rajni Perera,artist,stub,,,,,,,,,,1,Traveller,https://photobookers.com/creators/rajni-perera
73a220dd-78cf-41fd-b537-5f00da0d9cfa,rana-young,Rana Young,artist,stub,,,,,,,,,,1,The Rug's Topography,https://photobookers.com/creators/rana-young
529f6b88-048b-4a48-9a59-005345fe2bf1,ray-barbee,Ray Barbee,artist,stub,,,,,,,,,,1,The Joy Is In Capturing The Journey,https://photobookers.com/creators/ray-barbee
d5494dee-6055-496f-a306-8e99799b27ba,rebecca-norris-webb,Rebecca Norris Webb,artist,stub,,,,,,,,,,1,A Difficulty Is a Light,https://photobookers.com/creators/rebecca-norris-webb
a41f0ea7-55cc-4e36-aef1-227664f92fda,recolectores-urbanos,Recolectores Urbanos,publisher,stub,,,,,,,,,,1,Desplazamientos de Azul y Aire,https://photobookers.com/creators/recolectores-urbanos
9acf2d45-56da-443b-9673-1786076a2a59,rehab-nazzal,Rehab Nazzal,artist,stub,,,,,,,,,,1,Somoud In Dark Times,https://photobookers.com/creators/rehab-nazzal
4684f6fa-e777-4fdc-a0b9-8fdd2965c0a0,rich-joseph-facun-1,Rich Joseph Facun,artist,stub,,,,,,,,,,1,Little Cities,https://photobookers.com/creators/rich-joseph-facun-1
c5de9677-f15b-407f-9eb0-8f4baba0dfce,richard-christensen,Richard Christensen,artist,stub,,,,,,,,,,1,North Birmingham 1984–1985,https://photobookers.com/creators/richard-christensen
4aeba690-82be-4e31-bc83-f5ff17f40224,richard-mosse,Richard Mosse,artist,stub,,,,,,,,,,1,Broken Spectre,https://photobookers.com/creators/richard-mosse
6ae5adf8-9d89-4d3b-b264-4bb6c8ccd813,robby-reis,Robby Reis,artist,stub,,,,,,,,,,1,Not a Cookbook,https://photobookers.com/creators/robby-reis
9d0886fc-118b-4bf7-bda9-2cacb1961c05,robert-frank,Robert Frank,artist,stub,,,,,,,,,,1,The Americans,https://photobookers.com/creators/robert-frank
3eb8cecc-4adb-457d-95f2-063ecbd9e660,robert-lyons,Robert Lyons,artist,stub,,,,,,,,,,1,Zero Line Boundary,https://photobookers.com/creators/robert-lyons
94d9b4ac-014c-45a7-8234-51da8cdb7b48,robert-rauschenberg-and-susan-weil,Robert Rauschenberg and Susan Weil,artist,stub,,,,,,,,,,1,"The Blueprints, 1950",https://photobookers.com/creators/robert-rauschenberg-and-susan-weil
9f61f984-d968-4533-9f77-bc47f1a2af8e,art-in-continual-movement,Robert Smithson,artist,stub,,,,,,,,,,1,Art in Continual Movement,https://photobookers.com/creators/art-in-continual-movement
317732f9-150b-4fb8-8557-9b327db6404a,robert-smithson-and-joachim-koester,Robert Smithson and Joachim Koester,artist,stub,,,,,,,,,,1,"En kort guide til Passaic, New Jersey",https://photobookers.com/creators/robert-smithson-and-joachim-koester
e602d03f-a798-433d-9bc6-9811b684726c,roberto-aguirrezabala,Roberto Aguirrezabala,artist,stub,,,,,,,,,,1,We came for Games,https://photobookers.com/creators/roberto-aguirrezabala
d3b1aef9-028e-48e1-9ebc-1c290a995a6e,ruben-lundgren,Ruben Lundgren,artist,stub,,,,,,,,,,1,Flowers in the Mirror – A Reader,https://photobookers.com/creators/ruben-lundgren
d1f1edff-62b2-44a8-a826-e4895105e638,ruben-natal-san-miguel,Ruben Natal-San Miguel,artist,stub,,,,,,,,,,1,Harlem,https://photobookers.com/creators/ruben-natal-san-miguel
2b98b957-2246-4c84-971a-829e13eba713,ryan-mcintosh-yogan-muller,Ryan McIntosh & Yogan Muller,artist,stub,,,,,,,,,,1,Tracy Hills,https://photobookers.com/creators/ryan-mcintosh-yogan-muller
cc07abf7-9618-40e6-a76a-443aac7f8b81,ryan-searl,Ryan Searl,artist,stub,,,,,,,,,,1,Primary Wires,https://photobookers.com/creators/ryan-searl
0f5d2a20-6592-4490-9bd7-bc46d2f1b71f,s-billie-mandle,S. Billie Mandle,artist,stub,,,,,,,,,,1,Asunder,https://photobookers.com/creators/s-billie-mandle
a2d4fc96-796b-4f2f-b44f-0d4bf7355e52,saleem-ahmed,Saleem Ahmed,artist,stub,,,,,,,,,,1,"Philadelphia, Pennsylvania",https://photobookers.com/creators/saleem-ahmed
aabeb7dd-6aec-4eb8-996d-7bbf4fd43ae4,sangram,Sangram,artist,stub,,,,,,,,,,1,Urbana Americana,https://photobookers.com/creators/sangram
24bbec80-7b52-49f5-a932-c46dd2000976,sangyon-joo,Sangyon Joo,artist,stub,,,,,,,,,,1,Other Ways of Being,https://photobookers.com/creators/sangyon-joo
b1a0cf72-d043-48b1-a1fb-377aa34f035c,sara-lena-maierhofer,Sara-lena Maierhofer,artist,stub,,,,,,,,,,1,"Dear Clark,",https://photobookers.com/creators/sara-lena-maierhofer
b4adb5ce-18c0-492b-a43e-3c8e7edb9810,sean-plunkett,Sean Plunkett,artist,stub,,,,,,,,,,1,Sicily 1975–76,https://photobookers.com/creators/sean-plunkett
472f19ec-9a39-47e5-9933-2590360916ca,sebastian-black,Sebastian Black,artist,stub,,,,,,,,,,1,Local Warming,https://photobookers.com/creators/sebastian-black
d43065c4-28c3-4e87-a431-741ac5b912cf,seiichi-furuya,Seiichi Furuya,artist,stub,,,,,,,,,,1,First Trip to Bologna 1978 / Last Trip to Venice 1985,https://photobookers.com/creators/seiichi-furuya
ad9cbbb8-d8ed-472c-8eb2-60f61932d633,seiichi-furuya-christine-furuya-gossler,Seiichi Furuya & Christine Furuya-Gössler,artist,stub,,,,,,,,,,1,Face to Face,https://photobookers.com/creators/seiichi-furuya-christine-furuya-gossler
f4215202-b652-4538-ae4c-8bcb3aef55ab,sergio-a-fernandez,Sergio A. Fernández,artist,stub,,,,,,,,,,1,London,https://photobookers.com/creators/sergio-a-fernandez
fdc784c9-ceb2-4876-b741-599468616a84,shawn-theodore,Shawn Theodore,artist,stub,,,,,,,,,,1,"Birmingham, Alabama",https://photobookers.com/creators/shawn-theodore
4ad6df70-a079-46ea-874c-e9fa7f395e2a,smoke-follows-beauty,Smoke Follows Beauty,artist,stub,,,,,,,,,,1,Letha Wilson,https://photobookers.com/creators/smoke-follows-beauty
52f35dd5-f42c-4637-ab00-14d319d2b4ac,sohrab-hura,Sohrab Hura,artist,stub,,,,,,,,,,1,Snow,https://photobookers.com/creators/sohrab-hura
5d3f6571-e363-470d-848f-99081c2f041c,sol-lewitt,Sol LeWitt,artist,stub,,,,,,,,,,1,Not to Be Sold for More Than $100,https://photobookers.com/creators/sol-lewitt
a86249c0-84db-463b-b861-4343d4a78e0e,sophie-howarth,Sophie Howarth,artist,stub,,,,,,,,,,1,Everyday Wonder,https://photobookers.com/creators/sophie-howarth
58136d21-4cfe-4078-917e-0099d28f3e6d,spencer-lewis,Spencer Lewis,artist,stub,,,,,,,,,,1,Untitled,https://photobookers.com/creators/spencer-lewis
392016c7-04a9-45e4-a7b0-19a599e65e1d,stacy-kranitz,Stacy Kranitz,artist,stub,,,,,,,,,,1,Speak Your Piece,https://photobookers.com/creators/stacy-kranitz
88a1bcec-6ce5-4b8a-9a2a-b3f06bc935c9,stanley-greenberg,Stanley Greenberg,artist,stub,,,,,,,,,,1,Waterworks: The Hidden Water System of New York,https://photobookers.com/creators/stanley-greenberg
7a9bea20-5b96-42db-a774-140ce91977ae,stephanie-syjuco,Stephanie Syjuco,artist,stub,,,,,,,,,,1,The Unruly Archive,https://photobookers.com/creators/stephanie-syjuco
3a33d9e4-9391-416b-879c-0ff26e86292e,stephen-milner,Stephen Milner,artist,stub,,,https://stephen-milner.com/,,,,,2026-07-07T10:24:10.503Z,,1,Goat Trails,https://photobookers.com/creators/stephen-milner
107ea65a-ad69-4056-bb59-d965980f2bb4,stephen-shore,Stephen Shore,artist,stub,,,,,,,,,,1,Uncommon Places,https://photobookers.com/creators/stephen-shore
4504eb20-ab0d-4a13-b114-a179bcd0ccc0,steven-b-smith,Steven B. Smith,artist,stub,,,,,,,,,,1,Waiting Out the Latter Days,https://photobookers.com/creators/steven-b-smith
44bd27e6-0b5e-4a06-922e-a46baac5ca31,sverre-strandberg,Sverre Strandberg,artist,stub,,,,,,,,,,1,Sightseeing,https://photobookers.com/creators/sverre-strandberg
d1b3c563-1dd5-4637-a5c0-803e80da9530,swan-moon,Swan Moon,artist,stub,,,,,,,,,,1,Swan Moon's Swan Moon,https://photobookers.com/creators/swan-moon
07000c6d-df82-4d89-b1dd-27367f6f4a40,tarek-atoui,Tarek Atoui,artist,stub,,,,,,,,,,1,The Whisperers,https://photobookers.com/creators/tarek-atoui
f3bcc82a-aa3a-45fc-8e1a-0da36d1fd07c,ted-larsen,Ted Larsen,artist,stub,,,,,,,,,,1,Works 2007-2023,https://photobookers.com/creators/ted-larsen
60daa934-edd5-44a1-9f06-047896585a3c,terrassen,Terrassen,artist,stub,,,,,,,,,,1,Privilege: An Yvonne Rainer Filmography,https://photobookers.com/creators/terrassen
57283bf7-7a8d-4520-8074-04ded81a582b,terry-a-ratzlaff,Terry A. Ratzlaff,artist,stub,,,,,,,,,,1,The Marches – Fragments of Time from Arp Clock & Wood Shop,https://photobookers.com/creators/terry-a-ratzlaff
eaf52140-61e5-4d41-a98a-601220b37d89,tess-roby,Tess Roby,artist,stub,,,,,,,,,,1,Montreal,https://photobookers.com/creators/tess-roby
0c2d18d5-9840-4e56-9710-78ff276f44f2,the-photographers-gallery,The Photographers Gallery,publisher,stub,,,,,,,,,,1,Westminster Children's Hospital,https://photobookers.com/creators/the-photographers-gallery
4157af37-b9a8-48b7-8200-20d6a1aadfde,the-vos-method,The Vos Method,artist,stub,,,,,,,,,,1,The Vos Method,https://photobookers.com/creators/the-vos-method
15160394-43ea-4047-9bc6-396ad8fb1952,thibaut-derien,Thibaut Derien,artist,stub,,,,,,,,,,1,025 - Thibaut Derien,https://photobookers.com/creators/thibaut-derien
b987f79a-8462-4701-b405-eca5ad684650,thomas-bergner,Thomas Bergner,artist,stub,,,,,,,,,,1,YOU ARE ALL I SEE,https://photobookers.com/creators/thomas-bergner
af41b725-24be-4427-a270-38296321e194,thomas-jordan,Thomas Jordan,artist,stub,,,,,,,,,,1,Instant Honey,https://photobookers.com/creators/thomas-jordan
76cd52f7-41ad-47a8-a9c0-34e979cafd93,tim-carpenter,Tim Carpenter,artist,stub,,,,,,,,,,1,Illinois Central,https://photobookers.com/creators/tim-carpenter
d66c9ec4-7ded-4247-8a82-e34b072b552d,tim-carpenter-jason-lee,Tim Carpenter & Jason Lee,artist,stub,,,,,,,,,,1,Democratic Vistas,https://photobookers.com/creators/tim-carpenter-jason-lee
ad327de2-f8c1-4072-b406-5fe963e43ddb,tina-barney,Tina Barney,artist,stub,,,,,,,,,,1,The Beginning,https://photobookers.com/creators/tina-barney
95c4a32e-eb54-4416-bf41-9a588fecdf76,tom-griggs,Tom Griggs,artist,stub,,,,,,,,,,1,"El Inquilino, Mexico City",https://photobookers.com/creators/tom-griggs
db8c930e-6757-41f6-8424-2b88d608a3d4,tom-hunter,Tom Hunter,artist,stub,,,,,,,,,,1,Le Crowbar,https://photobookers.com/creators/tom-hunter
277bad7c-c5f6-44a6-9eee-6e7587f67523,tomas-van-houtryve,Tomas van Houtryve,artist,stub,,,,,,,,,,1,36 Views of Notre Dame,https://photobookers.com/creators/tomas-van-houtryve
afbcd9f4-7fc6-43c4-a6a3-be2e8088a7cf,tomasz-kawecki,Tomasz Kawecki,artist,stub,,,,,,,,,,1,IN PRAISE OF SHADOW,https://photobookers.com/creators/tomasz-kawecki
ca94d579-b273-46e9-baf1-f62a40c280ca,tracy-dong,Tracy Dong,artist,stub,,,,,,,,,,1,Tell Me About Saigon,https://photobookers.com/creators/tracy-dong
d710af40-61f0-4e25-a51e-e97fc0531502,trama-mun,"Trama, MUN",publisher,stub,,,,,,,,,,1,Twentysix (Abandoned) Gasoline Stations,https://photobookers.com/creators/trama-mun
049c3d53-cdc1-4d2a-8182-e74f8e2f5a41,tristan-duke,Tristan Duke,artist,stub,,,,,,,,,,1,Glacial Optics,https://photobookers.com/creators/tristan-duke
3b73c216-35ca-47d2-ae3f-b9404cb22a76,turner,Turner,publisher,stub,,,,,,,,,,1,Empty Parking Spaces,https://photobookers.com/creators/turner
68058703-5718-4404-be36-aa280cc94bdf,valery-faminsky,Valery Faminsky,artist,stub,,,,,,,,,,1,Berlin Mai 1945,https://photobookers.com/creators/valery-faminsky
68104a6e-e14e-4fe5-b197-5ac26b775530,veronique-rolland,Véronique Rolland,artist,stub,,,,,,,,,,1,Memories of an Unknown Island,https://photobookers.com/creators/veronique-rolland
5ebb7a76-cef2-439a-aacb-3ee930a2d79c,victoria-sambunaris,Victoria Sambunaris,artist,stub,,,,,,,,,,1,Transformation of a Landscape,https://photobookers.com/creators/victoria-sambunaris
714e443e-1488-4dea-a65a-16a1d8cc0f76,vincent-valdez,Vincent Valdez,artist,stub,,,,,,,,,,1,In Memory,https://photobookers.com/creators/vincent-valdez
aeabbdc7-7766-4814-8ad3-caf52850632d,vivek-vadoliya,Vivek Vadoliya,artist,stub,,,,,,,,,,1,Mallakhamb,https://photobookers.com/creators/vivek-vadoliya
5ea0f330-8c57-402e-ac89-36ef41d2f196,vuyo-mabheka,Vuyo Mabheka,artist,stub,,,,,,,,,,1,Popihuise,https://photobookers.com/creators/vuyo-mabheka
f102a108-e102-4b25-8d28-224b0c73e6ae,wael-shawky,Wael Shawky,artist,stub,,,,,,,,,,1,I am Hymns of the New Temples,https://photobookers.com/creators/wael-shawky
0e79600b-5418-48c3-a2ef-910a20bb70a1,wayne-levin,Wayne Levin,artist,stub,,,,,,,,,,1,Mountains and Clouds,https://photobookers.com/creators/wayne-levin
b093d79f-0da1-4819-bd59-ff616dc7bcbb,wei-jian-chan,Wei Jian Chan,artist,stub,,,,,,,,,,1,Journey To The West,https://photobookers.com/creators/wei-jian-chan
686771b3-2ed1-4799-89da-61d26ded9291,wendel-a-white,Wendel A. White,artist,stub,,,,,,,,,,1,Manifest | Thirteen Colonies,https://photobookers.com/creators/wendel-a-white
b9bc245d-4891-48fc-8fed-50a6ac693a42,wendy-red-star,Wendy Red Star,artist,stub,,,,,,,,,,1,Crow Country,https://photobookers.com/creators/wendy-red-star
59490b05-b522-47cb-89e4-8cabffb98e9a,wouter-van-de-voorde,Wouter Van de Voorde,artist,stub,,,,,,,,,,1,Nucleo,https://photobookers.com/creators/wouter-van-de-voorde
f7a60af9-c08e-4ca8-a08e-9bbc3b7c2780,yann-gerstberger,Yann Gerstberger,artist,stub,,,,,,,,,,1,Baby Comet Face,https://photobookers.com/creators/yann-gerstberger
eacc7ccc-8570-4146-8bbe-3126d14cc440,yoav-horesh,Yoav Horesh,artist,stub,,,,,,,,,,1,Monument,https://photobookers.com/creators/yoav-horesh
a03665b6-1e43-4f9e-bed4-e7cdd7153ab5,yoshikatsu-fuji,Yoshikatsu Fuji,artist,stub,,,,,,,,,,1,Five before the fall,https://photobookers.com/creators/yoshikatsu-fuji
2142f994-c73d-4588-a308-33844ff2f6d9,yoshimi-ikemoto,Yoshimi Ikemoto,artist,stub,,,,,,,,,,1,On Display,https://photobookers.com/creators/yoshimi-ikemoto
0113e194-5ffe-41ad-8b96-abc804d14dc4,yoshiyuki-okuyama,Yoshiyuki Okuyama,artist,stub,,,,,,,,,,1,Tokyo Sequence,https://photobookers.com/creators/yoshiyuki-okuyama
9de20fcb-27d3-424d-8502-478504b4584c,young-sohn,Young Sohn,artist,stub,,,,,,,,,,1,New Zealand,https://photobookers.com/creators/young-sohn
383d661d-1a72-4c2b-a1f1-8896c5e80951,yukihito-kono,Yukihito Kono,artist,stub,,,,,,,,,,1,The Cliff,https://photobookers.com/creators/yukihito-kono
a6e767a5-5662-45d5-bc1b-b6f50c3e0333,zed-nelson,Zed Nelson,artist,stub,,,,,,,,,,1,The Anthropocene Illusion,https://photobookers.com/creators/zed-nelson
fb8cd009-8eb6-4406-a7da-a82afdf70cec,zelda-cheatle-press,Zelda Cheatle Press,publisher,stub,,,,,,,,,,1,The Shipping Forecast (1st Edition),https://photobookers.com/creators/zelda-cheatle-press
acba2fc9-91e1-44a2-a7ea-3bcc4119247d,zun-lee,Zun Lee,artist,stub,,,,,,,,,,1,Toronto,https://photobookers.com/creators/zun-lee
60003f5f-b8c9-4ae6-91d6-3dd787dd0bd6,the-town-of-tomorrow,'The Town of Tomorrow,artist,stub,,,,,,,,,,0,50 Years of Thamesmead,https://photobookers.com/creators/the-town-of-tomorrow
33df230e-5115-46f6-aae4-c11cff62bb41,a-narrow-foothold,A Narrow Foothold,artist,stub,,,,,,,,,,0,,https://photobookers.com/creators/a-narrow-foothold
1578c1aa-0b77-4021-b77f-7bd9f854f347,aaron-hardin,Aaron Hardin,artist,stub,,,,,,,,,,0,,https://photobookers.com/creators/aaron-hardin
3c5da0b5-14d3-475d-b168-f1078c082903,aaron-turner,Aaron Turner,artist,stub,,,,,,,,,,0,,https://photobookers.com/creators/aaron-turner
196d5eb1-7c04-45fd-858c-613b26beb1b3,abbie-trayler-smith,Abbie Trayler-Smith,artist,stub,,,,,,,,,,0,,https://photobookers.com/creators/abbie-trayler-smith
fb738137-6d5a-4a62-bb26-c5737b8d0592,abelardo-morell,Abelardo Morell,artist,stub,,,,,,,,,,0,,https://photobookers.com/creators/abelardo-morell
88dec503-f751-4c1b-80fa-64ae2f57e104,abhishek-khedekar,Abhishek Khedekar,artist,stub,,,,,,,,,,0,,https://photobookers.com/creators/abhishek-khedekar
473ac6b1-94bf-42c0-829b-75c3e9498b43,adam-ferguson,Adam Ferguson,artist,stub,,,,,,,,,,0,,https://photobookers.com/creators/adam-ferguson
416b20db-6dda-400e-bff9-37688ecbd47c,adam-ianniello,Adam Ianniello,artist,stub,,,,,,,,,,0,,https://photobookers.com/creators/adam-ianniello
6356da91-f8c7-4124-8850-e9b6b7511b58,adler-guerrier,Adler Guerrier,artist,stub,,,,,,,,,,0,,https://photobookers.com/creators/adler-guerrier
00d5cab4-28ba-4bde-a258-2619d5a62ae3,adrianna-ault,Adrianna Ault,artist,stub,,,,,,,,,,0,,https://photobookers.com/creators/adrianna-ault
5a393be8-98ac-4c94-9e70-d03c9813963f,after-nature,After Nature,artist,stub,,,,,,,,,,0,,https://photobookers.com/creators/after-nature
95da9c22-2362-405e-9220-9afc684e2660,aitor-ortiz,Aitor Ortiz,artist,stub,,,,,,,,,,0,,https://photobookers.com/creators/aitor-ortiz
fecbbf61-405a-483a-816d-1380547405d6,akaaka,AKAAKA,publisher,stub,,,https://akaaka.com,,,,,,,0,,https://photobookers.com/creators/akaaka
1511f64a-09e3-4f9b-99de-2fa9e588a44c,ake-ericson,Åke Ericson,artist,stub,,,,,,,,,,0,,https://photobookers.com/creators/ake-ericson
71fcac5f-c9b6-427f-8b9c-794446950874,al-brydon,Al Brydon,artist,stub,,,,,,,,,,0,,https://photobookers.com/creators/al-brydon
baeb5e00-039f-4757-bc4e-7f653d3d07ae,alan-eglinton,Alan Eglinton,artist,stub,,,,,,,,,,0,,https://photobookers.com/creators/alan-eglinton
e984ee73-dc25-4dc1-82c7-127982d90637,alexandra-rose-howland,Alexandra Rose Howland,artist,stub,,,,,,,,,,0,,https://photobookers.com/creators/alexandra-rose-howland
6f08c290-ed6f-4219-a949-90d7df249c84,alexis-martino,Alexis Martino,artist,stub,,,,,,,,,,0,,https://photobookers.com/creators/alexis-martino
66787872-fbf2-45b1-9102-19914cc96e2e,alfred-seiland,Alfred Seiland,artist,stub,,,,,,,,,,0,,https://photobookers.com/creators/alfred-seiland
c6897399-995f-47bc-b2b7-0391a908fc9d,alice-mann,Alice Mann,artist,stub,,,,,,,,,,0,,https://photobookers.com/creators/alice-mann
6e79731a-8463-4751-8879-c2c0695c48fa,alys-tomlinson,Alys Tomlinson,artist,stub,,,,,,,,,,0,,https://photobookers.com/creators/alys-tomlinson
99297e4d-d75d-4395-8e04-da92a8edba3c,amanda-harman,Amanda Harman,artist,stub,,,,,,,,,,0,,https://photobookers.com/creators/amanda-harman
590a0b4c-c9e3-44d6-ac1b-5c71ab726d21,amanda-marchand-leah-sobsey,Amanda Marchand & Leah Sobsey,artist,stub,,,,,,,,,,0,This Earthen Door,https://photobookers.com/creators/amanda-marchand-leah-sobsey
04810cd6-9c5d-45e0-99dd-dbcfdb67aecb,amandine-guruceaga-et-francesca-zappia,Amandine Guruceaga et Francesca Zappia,artist,stub,,,,,,,,,,0,,https://photobookers.com/creators/amandine-guruceaga-et-francesca-zappia
83f04281-b7e5-456e-989f-e9046805a1cb,anastasia-taylor-lind,Anastasia Taylor-Lind,artist,stub,,,,,,,,,,0,,https://photobookers.com/creators/anastasia-taylor-lind
61735533-3ff6-4095-a094-90e451ed8eba,andre-kirchner,André Kirchner,artist,stub,,,,,,,,,,0,,https://photobookers.com/creators/andre-kirchner
79814f19-9a1c-41e5-bb1e-faafe26337f1,andrea-diefenbach,Andrea Diefenbach,artist,stub,,,,,,,,,,0,,https://photobookers.com/creators/andrea-diefenbach
3a7c501e-9c6f-4d7c-8d0b-3c4b88dd150e,andrea-gjestvang,Andrea Gjestvang,artist,stub,,,,,,,,,,0,,https://photobookers.com/creators/andrea-gjestvang
428c704a-f282-4fcd-ad66-85c5ed5c191b,andrea-grutzner,Andrea Grützner,artist,stub,,,,,,,,,,0,,https://photobookers.com/creators/andrea-grutzner
7db38c7e-d2c4-4f87-ae52-969e67becf41,andreas-bleckmann,Andreas Bleckmann,artist,stub,,,,,,,,,,0,New York 1985–1990 series 2 books,https://photobookers.com/creators/andreas-bleckmann
8de7ec4e-a429-4341-bb64-ccf8e4409bc4,andreas-olesen,Andreas Olesen,artist,stub,,,,,,,,,,0,,https://photobookers.com/creators/andreas-olesen
ebbd4b23-19aa-4e93-ae69-2d7a5dd30131,andrew-jackson,Andrew Jackson,artist,stub,,,,,,,,,,0,,https://photobookers.com/creators/andrew-jackson
b7c6cc34-b1cb-4646-8706-9c166e4d96b6,andrew-mcconnell,Andrew McConnell,artist,stub,,,,,,,,,,0,,https://photobookers.com/creators/andrew-mcconnell
b373ea38-a60d-4060-839d-5d974d7b96d0,andy-simon,Andy Simon,artist,stub,,,,,,,,,,0,,https://photobookers.com/creators/andy-simon
f381c79d-6b7e-41c4-bc40-305b7b8db394,angel-castellanos,Ángel Castellanos,artist,stub,,,,,,,,,,0,,https://photobookers.com/creators/angel-castellanos
ff4a0081-b55e-4464-bcd9-449cce73d26a,angela-boehm,Angela Boehm,artist,stub,,,,,,,,,,0,,https://photobookers.com/creators/angela-boehm
ce462f93-7229-4c59-b304-6dbff8e94698,anja-niemi,Anja Niemi,artist,stub,,,,,,,,,,0,,https://photobookers.com/creators/anja-niemi
59d07ef8-f2dc-4b0c-ba2e-30027cfca5f0,anna-lehmann-brauns,Anna Lehmann-Brauns,artist,stub,,,,,,,,,,0,,https://photobookers.com/creators/anna-lehmann-brauns
772fb867-34c7-4351-ae9d-15f2dfd106f7,anne-collier,Anne Collier,artist,stub,,,,,,,,,,0,,https://photobookers.com/creators/anne-collier
7fda927a-5220-4355-bcd5-1133290cdbc5,anne-lass,Anne Lass,artist,stub,,,,,,,,,,0,,https://photobookers.com/creators/anne-lass
fb9a72dc-67d1-434b-917f-5c8d5f065018,anne-morgenstern,Anne Morgenstern,artist,stub,,,,,,,,,,0,,https://photobookers.com/creators/anne-morgenstern
89675040-8696-498c-bee8-edcd36d4dd27,anne-schonharting,Anne Schönharting,artist,stub,,,,,,,,,,0,,https://photobookers.com/creators/anne-schonharting
e748d887-cebd-43d9-adf4-9d60e5771487,anne-worthington,Anne Worthington,artist,stub,,,,,,,,,,0,Hulme 1993,https://photobookers.com/creators/anne-worthington
dce93088-3a84-4918-a0bb-5ce15e206b11,anthology,Anthology,artist,stub,,,,,,,,,,0,,https://photobookers.com/creators/anthology
55345c7c-aafb-4d3c-a9e0-a471caa628a0,anthony-hernandez,Anthony Hernandez,artist,stub,,,,,,,,,,0,,https://photobookers.com/creators/anthony-hernandez
00d487d7-ef62-4f1a-8e91-1665acd80e8e,arnold-odermatt,Arnold Odermatt,artist,stub,,,,,,,,,,0,,https://photobookers.com/creators/arnold-odermatt
970f852f-e1cb-4870-8fa8-2865bde4f725,arthur-grace,Arthur Grace,artist,stub,,,,,,,,,,0,,https://photobookers.com/creators/arthur-grace
e41ec61f-8472-4353-91e5-80bd35c96748,arwed-messmer,Arwed Messmer,artist,stub,,,,,,,,,,0,,https://photobookers.com/creators/arwed-messmer
415dc826-bc38-4add-b2b5-971d8ce4b9db,as-we-wander-second-edition,As We Wander (Second Edition),artist,stub,,,,,,,,,,0,,https://photobookers.com/creators/as-we-wander-second-edition
78d98990-e0a3-4efa-9af2-db7793df2711,atelier-zimmermann,Atelier Zimmermann,artist,stub,,,,,,,,,,0,,https://photobookers.com/creators/atelier-zimmermann
f3b678f3-d012-4586-b938-ec8f482ffede,avo-tavitian--daido-moriyama,Avo Tavitian & Daido Moriyama,artist,stub,,,,,,,,,,0,,https://photobookers.com/creators/avo-tavitian--daido-moriyama
4808ffe0-279d-45b2-a962-a4fd547daa65,axel-herrmann,Axel Herrmann,artist,stub,,,,,,,,,,0,,https://photobookers.com/creators/axel-herrmann
699be41b-70de-4b82-9360-78ca62fb5f50,ayda-gragossian,Ayda Gragossian,artist,stub,,,,,,,,,,0,,https://photobookers.com/creators/ayda-gragossian
39bca8cd-b73a-4660-af98-2d5b6402b2f2,ayman-kaake,Ayman Kaake,artist,stub,,,,,,,,,,0,99 Names,https://photobookers.com/creators/ayman-kaake
f43837c2-fecb-40ea-aa73-50ac971b8ca4,balder-olrik,Balder Olrik,artist,stub,,,,,,,,,,0,,https://photobookers.com/creators/balder-olrik
7601b135-4e84-4f63-bf18-281c40fbdd45,barbara-bosworth,Barbara Bosworth,artist,stub,,,,,,,,,,0,,https://photobookers.com/creators/barbara-bosworth
af85112f-7fde-456b-9ad0-365d761d6ba8,barbara-probst,Barbara Probst,artist,stub,,,,,,,,,,0,,https://photobookers.com/creators/barbara-probst
fd0f8a53-d123-40bc-96f4-ba1ae3646622,beatrice-minda,Beatrice Minda,artist,stub,,,,,,,,,,0,,https://photobookers.com/creators/beatrice-minda
d535e580-84a3-4b77-b562-3c189f653464,benedict-flett,Benedict Flett,artist,stub,,,,,,,,,,0,Borderland,https://photobookers.com/creators/benedict-flett
5c77c79c-80c4-409a-a36c-b6f451b736ec,benjamin-rasmussen,Benjamin Rasmussen,artist,stub,,,,,,,,,,0,,https://photobookers.com/creators/benjamin-rasmussen
8ae6c994-d630-4d27-a689-0ce2a25fcf42,benoit-grimalt,Benoît Grimalt,artist,stub,,,,,,,,,,0,,https://photobookers.com/creators/benoit-grimalt
be645678-037a-423e-89c2-3ff8409bcd87,bill-yates,Bill Yates,artist,stub,,,,,,,,,,0,,https://photobookers.com/creators/bill-yates
1b99b146-39e9-46f9-bede-be42403768ef,bob-carlos-clarke,Bob Carlos Clarke,artist,stub,,,,,,,,,,0,,https://photobookers.com/creators/bob-carlos-clarke
1511fc1a-0b63-4c89-b7b7-0b61fb844dd6,bob-kolbrener,Bob Kolbrener,artist,stub,,,,,,,,,,0,,https://photobookers.com/creators/bob-kolbrener
5bc3ed85-dace-419a-998e-889cbcdc6df8,bobby-doherty,Bobby Doherty,artist,stub,,,,,,,,,,0,,https://photobookers.com/creators/bobby-doherty
02c90294-4def-48b7-b13c-ba248f65c23b,brian-griffin,Brian Griffin,artist,stub,,,,,,,,,,0,,https://photobookers.com/creators/brian-griffin
b6bd6fb6-d085-42e2-a609-d866bef4174d,brittainy-lauback,Brittainy Lauback,artist,stub,,,,,,,,,,0,,https://photobookers.com/creators/brittainy-lauback
0b6618ae-68fd-45d3-add9-d1a00da21351,buku-sarkar,Buku Sarkar,artist,stub,,,,,,,,,,0,,https://photobookers.com/creators/buku-sarkar
d6c6f0ef-beae-4730-8eed-9d23d1a79a9e,camille-fallet,Camille Fallet,artist,stub,,,,,,,,,,0,,https://photobookers.com/creators/camille-fallet
ee486fb4-4dc7-42f3-959b-fc83581aa8af,carl-martin,Carl Martin,artist,stub,,,,,,,,,,0,,https://photobookers.com/creators/carl-martin
44e3bcec-6f8b-4e84-920a-dd95d258e125,carly-steinbrunn,Carly Steinbrunn,artist,stub,,,,,,,,,,0,,https://photobookers.com/creators/carly-steinbrunn
0f0de8f2-accb-4a4b-90c0-ee876460458a,carol-e-richards,Carol E. Richards,artist,stub,,,,,,,,,,0,,https://photobookers.com/creators/carol-e-richards
18043c2b-4d8c-445c-b2ea-bc43e5de9d82,caroline-et-cyril-desroche,Caroline et Cyril Desroche,artist,stub,,,,,,,,,,0,,https://photobookers.com/creators/caroline-et-cyril-desroche
8947cfa7-7261-44d1-a66b-b8b5317ec69a,cecy-young,Cecy Young,artist,stub,,,,,,,,,,0,,https://photobookers.com/creators/cecy-young
569fa19d-1c69-4548-bd28-3d15fe000172,cemre-yesil-gonenli,Cemre Yeşil Gönenli,artist,stub,,,,,,,,,,0,,https://photobookers.com/creators/cemre-yesil-gonenli
0975c212-f44e-42ef-b8d0-6f074150893b,centre-national-des-arts-plastiques,Centre National des Arts Plastiques,artist,stub,,,,,,,,,,0,,https://photobookers.com/creators/centre-national-des-arts-plastiques
4419442a-eb47-4a9c-b29e-2156a8e0b092,charlotte-perrin,Charlotte Perrin,artist,stub,,,,,,,,,,0,,https://photobookers.com/creators/charlotte-perrin
b76ed820-8568-4748-8563-6da19603ffb4,che-bellezza,Che bellezza,artist,stub,,,,,,,,,,0,,https://photobookers.com/creators/che-bellezza
c4dee84d-d1d0-4692-ae67-25156c9db76a,chloe-sells,Chloe Sells,artist,stub,,,,,,,,,,0,,https://photobookers.com/creators/chloe-sells
d66415fb-3699-43e9-87bf-be3e7a9bf740,chris-donovan,Chris Donovan,artist,stub,,,,,,,,,,0,,https://photobookers.com/creators/chris-donovan
cef8bb63-4df1-4c83-b609-bdd0072ee53f,chris-smith,Chris Smith,artist,stub,,,,,,,,,,0,,https://photobookers.com/creators/chris-smith
4da5836c-a710-4414-88b1-74b0d4841f49,christa-mayer,Christa Mayer,artist,stub,,,,,,,,,,0,,https://photobookers.com/creators/christa-mayer
bba982aa-5d34-4df0-a7b1-aaf3cc6980cd,christian-rothe,Christian Rothe,artist,stub,,,,,,,,,,0,,https://photobookers.com/creators/christian-rothe
1b463f66-d5d3-4182-903b-d83f91db2137,christiane-feser,Christiane Feser,artist,stub,,,,,,,,,,0,,https://photobookers.com/creators/christiane-feser
1fe334b2-683f-4ec5-aa87-d7ded9ffe84b,christina-mcfaul,Christina Mcfaul,artist,stub,,,,,,,,,,0,Sanctuary in the Wild,https://photobookers.com/creators/christina-mcfaul
c1591381-d325-4999-ac22-b02718e50f93,christoph-naumann,Christoph Naumann,artist,stub,,,,,,,,,,0,,https://photobookers.com/creators/christoph-naumann
203e3431-e2ef-4c43-9b7d-ad25c4a6e868,cindy-sherman,Cindy Sherman,artist,stub,,,,,,,,,,0,,https://photobookers.com/creators/cindy-sherman
56c79254-b6b6-45fe-86d4-206c4d9b3763,claire-beckett,Claire Beckett,artist,stub,,,,,,,,,,0,,https://photobookers.com/creators/claire-beckett
810c6a38-1912-4020-8402-0d0d52642e7e,claude-le-gall,Claude Le Gall,artist,stub,,,,,,,,,,0,"Smithfield Market, Dublin 1990–91",https://photobookers.com/creators/claude-le-gall
6997c7fb-0cb6-42e0-890e-9bd07804f2e5,clive-landen,Clive Landen,artist,stub,,,,,,,,,,0,"Hospitals, Bristol & Swansea 1976–1983",https://photobookers.com/creators/clive-landen
ca408309-f4ea-465a-8de5-f8ab8abac04e,cody-haltom-and-mark-mahaney,Cody Haltom and Mark Mahaney,artist,stub,,,,,,,,,,0,,https://photobookers.com/creators/cody-haltom-and-mark-mahaney
e360b9b0-a68d-4afb-9753-7d9a4706d8fe,cody-haltom-and-matthew-genitempo,Cody Haltom and Matthew Genitempo,artist,stub,,,,,,,,,,0,,https://photobookers.com/creators/cody-haltom-and-matthew-genitempo
5be9dfe4-1ca7-4281-b499-e7bd627ebfa5,cody-haltom-production-management-by-thomas-bollier,Cody Haltom. Production management by Thomas Bollier.,artist,stub,,,,,,,,,,0,,https://photobookers.com/creators/cody-haltom-production-management-by-thomas-bollier
e52b2490-0901-4165-a806-cb6aef61143d,colin-dodgson,Colin Dodgson,artist,stub,,,,,,,,,,0,,https://photobookers.com/creators/colin-dodgson
3827d4cf-79d9-4cdc-b557-3fd6dd975441,collectif,Collectif,artist,stub,,,,,,,,,,0,,https://photobookers.com/creators/collectif
aeefb298-852d-48c0-851f-7062f47d6a5d,corine-vermeulen,Corine Vermeulen,artist,stub,,,,,,,,,,0,,https://photobookers.com/creators/corine-vermeulen
0de5c674-83fc-4bb9-8607-4ad34638e234,corinne-vionnet,Corinne Vionnet,artist,stub,,,,,,,,,,0,,https://photobookers.com/creators/corinne-vionnet
9cbd0cf0-7b70-4b35-972c-b119a28a713d,cornelia-suhan,Cornelia Suhan,artist,stub,,,,,,,,,,0,,https://photobookers.com/creators/cornelia-suhan
342a1a8a-7684-4a69-b5f4-0067b553de47,craig-easton--abdul-aziz-hafiz,Craig Easton & Abdul Aziz Hafiz,artist,stub,,,,,,,,,,0,,https://photobookers.com/creators/craig-easton--abdul-aziz-hafiz
b6504cbf-f36a-4472-8a7c-c8accec6bcfc,cyprien-clement-delmas--lindokuhle-sobekwa,Cyprien Clément-Delmas & Lindokuhle Sobekwa,artist,stub,,,,,,,,,,0,,https://photobookers.com/creators/cyprien-clement-delmas--lindokuhle-sobekwa
55829d5a-65e6-4dec-acf1-512b503dd157,daniel-beltra,Daniel Beltrà,artist,stub,,,,,,,,,,0,,https://photobookers.com/creators/daniel-beltra
8941ec98-d263-4c29-8b24-5063a9bff291,daniel-jack-lyons,Daniel Jack Lyons,artist,stub,,,,,,,,,,0,,https://photobookers.com/creators/daniel-jack-lyons
d36194ba-a8fe-49f6-bff3-4d513d8d5373,daniel-stephen-homer,Daniel Stephen Homer,artist,stub,,,,,,,,,,0,,https://photobookers.com/creators/daniel-stephen-homer
6fa8577d-0e33-43db-b88c-d55c19a4f3f1,danny-franzreb,Danny Franzreb,artist,stub,,,,,,,,,,0,,https://photobookers.com/creators/danny-franzreb
bb305a22-acaf-491e-bf88-187b1f9ac38c,david-de-beyter,David De Beyter,artist,stub,,,,,,,,,,0,,https://photobookers.com/creators/david-de-beyter
837ad974-c670-462a-b1ac-38b9bce8bd1d,david-h-gibson,David H. Gibson,artist,stub,,,,,,,,,,0,,https://photobookers.com/creators/david-h-gibson
e7c8b53a-d02d-4040-a375-c1c4e854ead1,david-horvitz,David Horvitz,artist,stub,,,,,,,,,,0,,https://photobookers.com/creators/david-horvitz
b99c9227-9ff6-4254-8146-5b7667f9ecdb,david-hurn,David Hurn,artist,stub,,,,,,,,,,0,On Reading,https://photobookers.com/creators/david-hurn
f09928d7-4e05-40be-a45b-d4a96a85f832,david-ricci,David Ricci,artist,stub,,,,,,,,,,0,,https://photobookers.com/creators/david-ricci
f2246faf-ad72-4b87-ac8b-ac96fb8ae776,david-robinson,David Robinson,artist,stub,,,,,,,,,,0,,https://photobookers.com/creators/david-robinson
189f6f43-5eab-4e45-9879-33eea8875e89,dean-wareham-with-ed-templeton,Dean Wareham With Ed Templeton,artist,stub,,,,,,,,,,0,,https://photobookers.com/creators/dean-wareham-with-ed-templeton
5d9a9cb9-9c2d-4c8e-8d9c-62bf3d5f1c95,delaney-allen-special-edition-with-print,Delaney Allen (Special Edition with Print),artist,stub,,,,,,,,,,0,,https://photobookers.com/creators/delaney-allen-special-edition-with-print
ea15d641-0b40-4714-b22b-7ace2efe093f,denisse-ariana-perez-book--print,"Denisse Ariana Pérez, Book & Print",artist,stub,,,,,,,,,,0,,https://photobookers.com/creators/denisse-ariana-perez-book--print
72882a44-4e91-42c4-9a84-d6e79f38b46c,diana-matar,Diana Matar,artist,stub,,,,,,,,,,0,,https://photobookers.com/creators/diana-matar
0bc5e9e0-feb3-45ca-8c7a-fb7753ae4a85,die-arge-lola,die arge lola,artist,stub,,,,,,,,,,0,,https://photobookers.com/creators/die-arge-lola
464ffa9e-7b2a-4955-9855-e06deb849e59,diogo-duarte-and-jessica-mitchell,Diogo Duarte and Jessica Mitchell,artist,stub,,,,,,,,,,0,,https://photobookers.com/creators/diogo-duarte-and-jessica-mitchell
681b8377-2d11-4982-b151-cc4f102d3b9d,distanz-verlag,Distanz Verlag,publisher,stub,,,,,,,,,,0,Topographie,https://photobookers.com/creators/distanz-verlag
ec8403ea-3bb2-4974-92ae-331d2bd1c1a0,don-mccullin,Don McCullin,artist,stub,,,,,,,,,,0,,https://photobookers.com/creators/don-mccullin
e7af818a-8a0c-416a-88ed-064071b6e1b8,ed-templeton--deanna-templeton,Ed Templeton & Deanna Templeton,artist,stub,,,,,,,,,,0,,https://photobookers.com/creators/ed-templeton--deanna-templeton
136330c5-1643-4290-ae8f-7b53b9a83c07,eddie-otchere,Eddie Otchere,artist,stub,,,,,,,,,,0,"Metalheadz, Blue Note London 1994–1995",https://photobookers.com/creators/eddie-otchere
6fdff14d-e9af-4773-a504-aadc0e06eaa5,ekkehart-keintzel,Ekkehart Keintzel,artist,stub,,,,,,,,,,0,,https://photobookers.com/creators/ekkehart-keintzel
dafeb483-ff14-4427-a310-3c3684b2b88e,elliot-ross,Elliot Ross,artist,stub,,,,,,,,,,0,,https://photobookers.com/creators/elliot-ross
41731021-870c-468c-8b0f-1a9871e8f4e4,elliott-erwitt,Elliott Erwitt,artist,stub,,,,,,,,,,0,,https://photobookers.com/creators/elliott-erwitt
49285fd1-af32-41b0-af2c-673b00adf7c7,emilie-lindsten,Emilie Lindsten,artist,stub,,,,,,,,,,0,,https://photobookers.com/creators/emilie-lindsten
97e5d126-d73f-4bf6-86db-43d13fe019ef,emma-hardy,Emma Hardy,artist,stub,,,,,,,,,,0,,https://photobookers.com/creators/emma-hardy
d9112acf-9a71-4fe6-8683-f4ebca476d4e,erieta-attali,Erieta Attali,artist,stub,,,,,,,,,,0,,https://photobookers.com/creators/erieta-attali
17792888-0e23-4b67-850f-ff549878ddb0,erik-kessels-karel-de-mulder,"Erik Kessels, Karel De Mulder",artist,stub,,,,,,,,,,0,,https://photobookers.com/creators/erik-kessels-karel-de-mulder
a67e7125-2736-4170-a85f-5d90ea98c800,espen-eichhofer,Espen Eichhöfer,artist,stub,,,,,,,,,,0,,https://photobookers.com/creators/espen-eichhofer
5e774ee2-702f-430c-a06e-b5017365766f,ewen-spencer,Ewen Spencer,artist,stub,,,,,,,,,,0,,https://photobookers.com/creators/ewen-spencer
ff68bf66-ff00-4610-831a-cfbb13e281bf,experiment-heimat,Experiment HEIMAT,artist,stub,,,,,,,,,,0,,https://photobookers.com/creators/experiment-heimat
a31198d5-7fc3-4192-9e0c-2306f2cc4a40,fin-serck-hanssen,Fin Serck-Hanssen,artist,stub,,,,,,,,,,0,,https://photobookers.com/creators/fin-serck-hanssen
a0ee0cf6-b69d-43e9-b392-988ae0fa2db3,fleckhaus,Fleckhaus,artist,stub,,,,,,,,,,0,,https://photobookers.com/creators/fleckhaus
a4973940-0f66-4d2b-872b-3037664e8103,francesco-neri,Francesco Neri,artist,stub,,,,,,,,,,0,,https://photobookers.com/creators/francesco-neri
3d980f7a-1a89-47c8-876c-9b749d0de9a1,francisco-canton,Francisco Cantón,artist,stub,,,,,,,,,,0,,https://photobookers.com/creators/francisco-canton
00ab9dd4-7466-4f6a-965a-3580c90932ae,francisco-ibanez-hantke,Francisco Ibanez Hantke,artist,stub,,,,,,,,,,0,,https://photobookers.com/creators/francisco-ibanez-hantke
80536952-033b-4ee1-9355-e34467025209,francois-gaboury,Francois Gaboury,artist,stub,,,,,,,,,,0,,https://photobookers.com/creators/francois-gaboury
46a6dfd8-aed0-4080-b096-194ebb1b55fe,frank-gaudlitz,Frank Gaudlitz,artist,stub,,,,,,,,,,0,,https://photobookers.com/creators/frank-gaudlitz
3a55bbe0-2fc5-43b6-9bb3-8c0c9779244c,frank-van-der-salm,Frank van der Salm,artist,stub,,,,,,,,,,0,,https://photobookers.com/creators/frank-van-der-salm
5dd33357-def0-4afc-a228-783212edca0c,fumi-nagasaka,Fumi Nagasaka,artist,stub,,,,,,,,,,0,,https://photobookers.com/creators/fumi-nagasaka
ea238cd6-0f84-45d0-ab02-d3d98b88eb0e,gabby-laurent,Gabby Laurent,artist,stub,,,,,,,,,,0,,https://photobookers.com/creators/gabby-laurent
986d4c98-1070-4ea7-82c0-ca48f60ea72a,geoffroy-mathieu,Geoffroy Mathieu,artist,stub,,,,,,,,,,0,,https://photobookers.com/creators/geoffroy-mathieu
95332293-e50c-4d3b-9174-bf00092ee8b0,georg-gatsas,Georg Gatsas,artist,stub,,,,,,,,,,0,,https://photobookers.com/creators/georg-gatsas
c4780e2f-28cf-4a38-ac81-04630dfe0206,geraldine-lay,Géraldine Lay,artist,stub,,,,,,,,,,0,,https://photobookers.com/creators/geraldine-lay
354ed3ff-5075-4857-a6ab-348a047c0549,gerhard-vormwald,Gerhard Vormwald,artist,stub,,,,,,,,,,0,,https://photobookers.com/creators/gerhard-vormwald
d9bb868c-a7d1-4e6a-9a9d-62bc40c2449f,gideon-mendel,Gideon Mendel,artist,stub,,,,,,,,,,0,,https://photobookers.com/creators/gideon-mendel
e9dce284-d399-4e94-8601-679622af2a3c,giles-price,Giles Price,artist,stub,,,,,,,,,,0,,https://photobookers.com/creators/giles-price
961a87bc-9ee9-4b42-a620-91e27cacabd4,gilles-pourtier,Gilles Pourtier,artist,stub,,,,,,,,,,0,,https://photobookers.com/creators/gilles-pourtier
8aecdfd2-0a5b-43f0-bc26-f4983bddcaa6,giulio-di-sturco,Giulio Di Sturco,artist,stub,,,,,,,,,,0,,https://photobookers.com/creators/giulio-di-sturco
6c29c283-b01c-432d-8e1b-7cedbc981c24,grant-archer-bryony-graham-daniel-lyttleton-chris-neophytou,"Grant Archer, Bryony Graham, Daniel Lyttleton & Chris Neophytou",artist,stub,,,,,,,,,,0,,https://photobookers.com/creators/grant-archer-bryony-graham-daniel-lyttleton-chris-neophytou
c6d1f014-6e72-4951-826f-71206bc7d0cb,greg-gulbransen,Greg Gulbransen,artist,stub,,,,,,,,,,0,,https://photobookers.com/creators/greg-gulbransen
b77dcd90-1b19-4559-8abe-10293610a663,gregori-maiofis,Gregori Maiofis,artist,stub,,,,,,,,,,0,,https://photobookers.com/creators/gregori-maiofis
0052deae-bb03-4968-aba7-f5ede17543f4,grenville-horner,Grenville Horner,artist,stub,,,,,,,,,,0,Cafes & Snack Bars South West London 1975–1976,https://photobookers.com/creators/grenville-horner
b3605ab0-f4bb-4b0c-a338-a22854de522c,gunter-steffen,Günter Steffen,artist,stub,,,,,,,,,,0,,https://photobookers.com/creators/gunter-steffen
0687a43f-b3b6-48cf-ac93-3557b52d154f,guy-bourdin,Guy Bourdin,artist,stub,,,,,,,,,,0,,https://photobookers.com/creators/guy-bourdin
c70192a3-0de4-4d71-b9a9-1c904765238b,guy-dickinson,Guy Dickinson,artist,stub,,,,,,,,,,0,,https://photobookers.com/creators/guy-dickinson
bc961a46-c8f6-4891-85fa-a1534b8df443,guy-martin,Guy Martin,artist,stub,,,,,,,,,,0,,https://photobookers.com/creators/guy-martin
3b5434c4-8be2-41ea-95c2-2c385c453d48,haley-morris-cafiero,Haley Morris-Cafiero,artist,stub,,,,,,,,,,0,,https://photobookers.com/creators/haley-morris-cafiero
d2b81964-ed04-48f7-9b75-23b8e2e3395b,hans-van-der-meer,Hans van der Meer,artist,stub,,,,,,,,,,0,,https://photobookers.com/creators/hans-van-der-meer
d8b38696-578c-44cc-bc97-75c2bdd47289,harbeck--krug-pulp-art-book,Harbeck & Krug: Pulp Art Book,artist,stub,,,,,,,,,,0,,https://photobookers.com/creators/harbeck--krug-pulp-art-book
806cfef7-acd7-4545-bdc2-ef67822fb95b,harrison-miller,Harrison Miller,artist,stub,,,,,,,,,,0,,https://photobookers.com/creators/harrison-miller
4b15dc2a-e136-4a72-8697-8fb6485edb4a,helen-sear,Helen Sear,artist,stub,,,,,,,,,,0,,https://photobookers.com/creators/helen-sear
82ff2e03-56c2-4ce0-b1d9-74015cd5dc79,herman-ellis-dyal,Herman Ellis Dyal,artist,stub,,,,,,,,,,0,,https://photobookers.com/creators/herman-ellis-dyal
f4f4fe58-12d9-46bf-b196-f2c465bdc782,hermann-dornhege,Hermann Dornhege,artist,stub,,,,,,,,,,0,,https://photobookers.com/creators/hermann-dornhege
9a6983b7-189e-49f8-8fb2-95ed088fc9ac,hwaet-books,Hwaet Books,publisher,stub,,,https://www.hwaetbooks.com/,,,,,,,0,,https://photobookers.com/creators/hwaet-books
bd616818-6dde-4392-ac8c-b78f88d5cb1d,ian-berry,Ian Berry,artist,stub,,,,,,,,,,0,,https://photobookers.com/creators/ian-berry
287453ec-d194-478c-8cd6-097a81272698,ian-clegg,Ian Clegg,artist,stub,,,,,,,,,,0,Manchester 1992,https://photobookers.com/creators/ian-clegg
86c923b7-c383-46ed-8906-869bb91c494e,idris-khan-image,Idris Khan: Image,artist,stub,,,,,,,,,,0,,https://photobookers.com/creators/idris-khan-image
2c2843fd-8e1d-4d52-b687-05d33560a94b,ingar-krauss,Ingar Krauss,artist,stub,,,,,,,,,,0,,https://photobookers.com/creators/ingar-krauss
fa885e0a-712f-4fec-ae17-72cb472f27ed,ioanna-sakellaraki,Ioanna Sakellaraki,artist,stub,,,,,,,,,,0,,https://photobookers.com/creators/ioanna-sakellaraki
c20033d3-57db-4fb9-b38a-b6bc7d668ac6,j-houston,J Houston,artist,stub,,,,,,,,,,0,,https://photobookers.com/creators/j-houston
b80e6a9c-4054-46cb-b13f-f90df009dd19,jack-carnell,Jack Carnell,artist,stub,,,,,,,,,,0,,https://photobookers.com/creators/jack-carnell
78d3df65-fc74-43c1-b447-1de2723bbe72,jack-davison,Jack Davison,artist,stub,,,,,,,,,,0,,https://photobookers.com/creators/jack-davison
c7f241ee-b35d-46f6-a540-fd4e548ce841,jack-teemer,Jack Teemer,artist,stub,,,,,,,,,,0,,https://photobookers.com/creators/jack-teemer
1be0c6ba-a21e-44c1-a33e-7fa7b0d307d7,jaclyn-wright,Jaclyn Wright,artist,stub,,,,,,,,,,0,,https://photobookers.com/creators/jaclyn-wright
4ddcde60-618c-4a12-b3bb-73e211d03136,james-farrant,James Farrant,artist,stub,,,,,,,,,,0,Ghosts,https://photobookers.com/creators/james-farrant
3c9c1c71-1173-484a-a778-f6b5f1ba7204,jane-adams,Jane Adams,artist,stub,,,,,,,,,,0,,https://photobookers.com/creators/jane-adams
567e94b3-ac76-4e68-aea8-e271883330c3,janine-wiedel,Janine Wiedel,artist,stub,,,,,,,,,,0,St Agnes Place Squat,https://photobookers.com/creators/janine-wiedel
15dc6f10-de37-4a31-9ca0-5f7f2e0099f6,jasmine-swope,Jasmine Swope,artist,stub,,,,,,,,,,0,,https://photobookers.com/creators/jasmine-swope
3cad00d1-4208-4ea0-8a88-4e0a26f90f3f,jason-gardner,Jason Gardner,artist,stub,,,,,,,,,,0,,https://photobookers.com/creators/jason-gardner
bf8daa13-863e-4808-a649-1157141efe49,jeano-edwards,Jeano Edwards,artist,stub,,,,,,,,,,0,,https://photobookers.com/creators/jeano-edwards
017a70c1-33ad-4e35-9b87-2034f0a75224,jeff-liao,Jeff Liao,artist,stub,,,,,,,,,,0,,https://photobookers.com/creators/jeff-liao
5b7949d4-fdd0-49db-8bf8-c96b13dfa576,jenny-matthews,Jenny Matthews,artist,stub,,,,,,,,,,0,Women Protest 1981–1991,https://photobookers.com/creators/jenny-matthews
64ef005e-35e0-4a03-8742-2162cfcdc2a2,jenny-riffle,Jenny Riffle,artist,stub,,,,,,,,,,0,,https://photobookers.com/creators/jenny-riffle
aae93b69-1a61-49cd-b4e3-63c8de97dcaa,jens-liebchen,Jens Liebchen,artist,stub,,,,,,,,,,0,,https://photobookers.com/creators/jens-liebchen
46444f92-fa64-4a83-b4af-c8e0fee0671f,jet-swan,Jet Swan,artist,stub,,,,,,,,,,0,,https://photobookers.com/creators/jet-swan
c5452386-01e4-4916-80ac-51ca90984bd4,jillian-edelstein,Jillian Edelstein,artist,stub,,,,,,,,,,0,,https://photobookers.com/creators/jillian-edelstein
52ef367c-3b9b-406d-ba6b-f6101200b34c,jim-krantz,Jim Krantz,artist,stub,,,,,,,,,,0,,https://photobookers.com/creators/jim-krantz
eae6ef15-2ac1-4ff3-b54b-1be48d7e692b,joao-pina,João Pina,artist,stub,,,,,,,,,,0,,https://photobookers.com/creators/joao-pina
c770fad3-bda5-46a2-b0a0-a9333abcbb36,johanna-diehl,Johanna Diehl,artist,stub,,,,,,,,,,0,,https://photobookers.com/creators/johanna-diehl
52ca4def-db7d-40be-a9ff-e3519dcc4f3f,johanna-maria-fritz,Johanna-Maria Fritz,artist,stub,,,,,,,,,,0,,https://photobookers.com/creators/johanna-maria-fritz
7224d139-a760-4ec3-8d6a-42a31d62b8c3,john-davies,John Davies,artist,stub,,,,,,,,,,0,,https://photobookers.com/creators/john-davies
a85af8bf-1aec-4a31-8af1-cb1e799ec9f0,john-humble,John Humble,artist,stub,,,,,,,,,,0,,https://photobookers.com/creators/john-humble
e9d69644-6632-4466-a45c-fb9085228a80,john-schott,John Schott,artist,stub,,,,,,,,,,0,,https://photobookers.com/creators/john-schott
fbe2abf3-7c16-4da9-b670-9e95c634d069,john-volynchook,John Volynchook,artist,stub,,,,,,,,,,0,,https://photobookers.com/creators/john-volynchook
321514ae-d1ac-4cf2-845e-9025f5ac1c83,john-willheim,John Willheim,artist,stub,,,,,,,,,,0,,https://photobookers.com/creators/john-willheim
1043e061-db20-41cc-bf16-9b06ea378317,jonas-bendiksen,Jonas Bendiksen,artist,stub,,,,,,,,,,0,,https://photobookers.com/creators/jonas-bendiksen
e668eeb5-fe54-45ba-90e7-b2cf105e818b,jorg-glascher,Jörg Gläscher,artist,stub,,,,,,,,,,0,,https://photobookers.com/creators/jorg-glascher
6e9af6fc-738c-4c1a-b487-442437123886,joseph-michael-lopez,Joseph Michael Lopez,artist,stub,,,,,,,,,,0,,https://photobookers.com/creators/joseph-michael-lopez
11646fab-2e3d-4b5a-a818-d8409dfd1ff7,julia-mejnertsen,Julia Mejnertsen,artist,stub,,,,,,,,,,0,The Shadow Fleet,https://photobookers.com/creators/julia-mejnertsen
f2b9d1b9-9f65-4e71-8382-671a0f9e76d7,julie-hascoet,Julie Hascoët,artist,stub,,,,,,,,,,0,,https://photobookers.com/creators/julie-hascoet
f165371a-70f4-403b-a29f-c6758b8c2c82,julien-mauve,Julien Mauve,artist,stub,,,,,,,,,,0,,https://photobookers.com/creators/julien-mauve
fdf2b72d-6307-4241-a781-672a89bfda71,kael-alford,Kael Alford,artist,stub,,,,,,,,,,0,,https://photobookers.com/creators/kael-alford
0c34a1e3-1b18-4d6a-aa87-1f7f889ed089,karen-knorr,Karen Knorr,artist,stub,,,,,,,,,,0,,https://photobookers.com/creators/karen-knorr
f4474b6b-cfb9-4494-a9e8-5c1582712f0e,karen-knorr-and-olivier-richon,Karen Knorr and Olivier Richon,artist,stub,,,,,,,,,,0,,https://photobookers.com/creators/karen-knorr-and-olivier-richon
aff1e2a7-2875-424a-a4b6-4f6b55b752b6,karen-weinert,Karen Weinert,artist,stub,,,,,,,,,,0,,https://photobookers.com/creators/karen-weinert
56a44817-22cc-4a4b-b135-dc7eccbce61c,karolina-gembara,Karolina Gembara,artist,stub,,,,,,,,,,0,,https://photobookers.com/creators/karolina-gembara
ec670b55-9de8-4771-aa96-f66d80ce3eb7,katerina-angelopoulou,Katerina Angelopoulou,artist,stub,,,,,,,,,,0,,https://photobookers.com/creators/katerina-angelopoulou
3be2f641-d710-4ded-954c-deba5b46fd95,kathrin-linkersdorff,Kathrin Linkersdorff,artist,stub,,,,,,,,,,0,,https://photobookers.com/creators/kathrin-linkersdorff
ff33533e-a795-41c6-9f87-dabab8de850f,katy-grannan,Katy Grannan,artist,stub,,,,,,,,,,0,,https://photobookers.com/creators/katy-grannan
af9d3f5c-28e3-4a4e-a6e7-67dfb8f35226,kaye-song,Kaye Song,artist,stub,,,,,,,,,,0,North-Minded,https://photobookers.com/creators/kaye-song
36ec3e51-b7d6-4aef-9a5a-a690e254d79a,ken-taranto,Ken Taranto,artist,stub,,,,,,,,,,0,,https://photobookers.com/creators/ken-taranto
a5e2f484-a016-4aa0-a089-dc97db6d02e2,kenro-izu,Kenro Izu,artist,stub,,,,,,,,,,0,,https://photobookers.com/creators/kenro-izu
13ca93dd-32b3-41f5-aff1-e062fef533d6,kim-jungman,Kim Jungman,artist,stub,,,,,,,,,,0,,https://photobookers.com/creators/kim-jungman
603cea2d-126a-4e06-9bbe-b7a8a8b58639,kingsley-ifill--danny-fox,Kingsley Ifill & Danny Fox,artist,stub,,,,,,,,,,0,,https://photobookers.com/creators/kingsley-ifill--danny-fox
a7ac6844-a17b-409c-b7b8-6f94b2ef49ed,klaus-pichler,Klaus Pichler,artist,stub,,,https://klauspichler.net/,,,,,,,0,,https://photobookers.com/creators/klaus-pichler
caf9511c-eeab-427e-ac1c-ac970549f3a3,kristin-hersh,Kristin Hersh,artist,stub,,,,,,,,,,0,,https://photobookers.com/creators/kristin-hersh
09ab1f65-55ad-42ef-84ca-d8712b305ac7,larry-towell,Larry Towell,artist,stub,,,,,,,,,,0,,https://photobookers.com/creators/larry-towell
209d9e37-7a65-45fa-914a-3f0d390b14d5,laszlo-layton,Laszlo Layton,artist,stub,,,,,,,,,,0,,https://photobookers.com/creators/laszlo-layton
ac3e6167-0643-4057-aeab-6e2eaa9063b1,laurence-stephens,Laurence Stephens,artist,stub,,,,,,,,,,0,,https://photobookers.com/creators/laurence-stephens
ebd4a8c6-4c11-4ebd-b9f5-54a0c48bbce7,lecturis,Lecturis,publisher,stub,,,,,,,,,,0,Songs In A Strange Land,https://photobookers.com/creators/lecturis
d12501f3-5b84-4886-be19-25c46c393005,leonard-pongo,Léonard Pongo,artist,stub,,,,,,,,,,0,,https://photobookers.com/creators/leonard-pongo
a9efe41a-7dc7-4246-b050-6ed3826e4221,leonid,Leonid,artist,stub,,,,,,,,,,0,,https://photobookers.com/creators/leonid
3e1b8062-db8b-4fb4-913f-d89da20d7ec0,letizia-le-fur,Letizia Le Fur,artist,stub,,,,,,,,,,0,,https://photobookers.com/creators/letizia-le-fur
7ed14d84-23cf-435b-af09-26951a8d7048,linn-schroder,Linn Schröder,artist,stub,,,,,,,,,,0,,https://photobookers.com/creators/linn-schroder
594e3c71-cbb5-430e-9891-babd0cde73bf,lisa-barnard,Lisa Barnard,artist,stub,,,,,,,,,,0,,https://photobookers.com/creators/lisa-barnard
395af7c3-dd91-41a8-bf2a-69bbca5d17e3,liz-hingley,Liz Hingley,artist,stub,,,,,,,,,,0,,https://photobookers.com/creators/liz-hingley
83cb2990-bfad-475f-a086-ec9d4a0a7421,ljubodrag-andric,Ljubodrag Andric,artist,stub,,,,,,,,,,0,,https://photobookers.com/creators/ljubodrag-andric
665c2665-677d-4315-8579-c8e7123263fc,lola-raban-jean-rene-etienne,"Lola Raban, Jean-René Etienne",artist,stub,,,,,,,,,,0,,https://photobookers.com/creators/lola-raban-jean-rene-etienne
3ec7aaa5-8b3d-471c-afc8-f1c3e69ef203,lola-reboud,Lola Reboud,artist,stub,,,,,,,,,,0,,https://photobookers.com/creators/lola-reboud
6b052e25-10b2-4540-a672-ca0830a7167a,loredana-nemes,Loredana Nemes,artist,stub,,,,,,,,,,0,,https://photobookers.com/creators/loredana-nemes
0fdfff67-85c6-4312-a3d6-173816dada34,lorenzo-meloni,Lorenzo Meloni,artist,stub,,,,,,,,,,0,,https://photobookers.com/creators/lorenzo-meloni
524421a1-4d28-47ea-9771-f4d90b23fe92,lorenzo-tugnoli,Lorenzo Tugnoli,artist,stub,,,,,,,,,,0,,https://photobookers.com/creators/lorenzo-tugnoli
36e7a3c6-8b6a-4d08-8144-ca7c1d9a6bc1,louis-matton,Louis Matton,artist,stub,,,,,,,,,,0,,https://photobookers.com/creators/louis-matton
d4986177-9d85-4fab-9262-08e1a71c8661,lu-nan,Lu Nan,artist,stub,,,,,,,,,,0,,https://photobookers.com/creators/lu-nan
20229454-e3db-4fee-9c32-f288f12ce43d,luce-lebart,Luce Lebart,artist,stub,,,,,,,,,,0,,https://photobookers.com/creators/luce-lebart
dc93bf24-c955-48cd-9ddc-661d39909893,luis-alberto-rodriguez,Luis Alberto Rodriguez,artist,stub,,,,,,,,,,0,,https://photobookers.com/creators/luis-alberto-rodriguez
505206c9-9fd0-474d-aa82-2e29c9d42148,luke-david-kellett,Luke David Kellett,artist,stub,,,,,,,,,,0,,https://photobookers.com/creators/luke-david-kellett
58824a8d-9111-4c52-b9b3-fc4a173b16d5,luke-saxon,Luke Saxon,artist,stub,,,,,,,,,,0,,https://photobookers.com/creators/luke-saxon
b43f8a0b-bc30-4731-bcc9-98f27e2896fe,lydia-goldblatt,Lydia Goldblatt,artist,stub,,,,,,,,,,0,,https://photobookers.com/creators/lydia-goldblatt
3cde4111-597c-49b0-b868-3a34a04312c9,mads-nissen,Mads Nissen,artist,stub,,,,,,,,,,0,,https://photobookers.com/creators/mads-nissen
f5665db6-ad37-4c42-bdd4-5ef627dc4fdb,magnet,Magnet,publisher,stub,,,,,,,,,,0,,https://photobookers.com/creators/magnet
275b6c5c-bb0f-4261-8609-6cc0955d54d7,mandy-barker,Mandy Barker,artist,stub,,,,,,,,,,0,,https://photobookers.com/creators/mandy-barker
2c8e6dd5-5230-414b-9c36-7c70414810d4,manfred-schmalriede,Manfred Schmalriede,artist,stub,,,,,,,,,,0,,https://photobookers.com/creators/manfred-schmalriede
650d5658-1d3d-4adc-81f3-2c1f6ab113f3,marco-zanta,Marco Zanta,artist,stub,,,,,,,,,,0,,https://photobookers.com/creators/marco-zanta
03002eb8-5baf-4674-b0e0-dd149d88381d,marguerite-bornhauser,Marguerite Bornhauser,artist,stub,,,,,,,,,,0,,https://photobookers.com/creators/marguerite-bornhauser
7c7c8f7c-6baf-49a6-927a-67872a8b934e,maria-sewcz,Maria Sewcz,artist,stub,,,,,,,,,,0,,https://photobookers.com/creators/maria-sewcz
b1afbe2a-f9f5-49fc-b06a-3c18294b3143,marion-kalter,Marion Kalter,artist,stub,,,,,,,,,,0,,https://photobookers.com/creators/marion-kalter
4040a38e-6813-4356-b37b-fd3e66e77a5a,marion-mailaender,Marion Mailaender,artist,stub,,,,,,,,,,0,,https://photobookers.com/creators/marion-mailaender
e75780f2-91c6-4c29-9160-fd1248427be0,mark-cohen,Mark Cohen,artist,stub,,,,,,,,,,0,,https://photobookers.com/creators/mark-cohen
a3b2926b-83e0-482e-a861-5720e3a1e508,mark-maio,Mark Maio,artist,stub,,,,,,,,,,0,,https://photobookers.com/creators/mark-maio
e47da455-bfcd-4282-a2c3-8fc261004e49,mark-mcknight,Mark McKnight,artist,stub,,,,,,,,,,0,,https://photobookers.com/creators/mark-mcknight
1121e988-e88e-441b-a629-37f15dcbd8e5,mark-neville,Mark Neville,artist,stub,,,,,,,,,,0,,https://photobookers.com/creators/mark-neville
c278d62a-7970-4c7e-92c2-1ad22a3a41cf,mark-ruwedel,Mark Ruwedel,artist,stub,,,,,,,,,,0,,https://photobookers.com/creators/mark-ruwedel
54c75f45-0f14-47f2-8d85-1518361f504a,mark-ruwedel--james-welling,Mark Ruwedel & James Welling,artist,stub,,,,,,,,,,0,,https://photobookers.com/creators/mark-ruwedel--james-welling
94b28a7a-7356-43c5-ae81-d41718b4ed5a,mary-mccartney,Mary McCartney,artist,stub,,,,,,,,,,0,,https://photobookers.com/creators/mary-mccartney
9f555037-8d27-4ebc-8287-2ab0e3e8e0cd,mathias-braschler,Mathias Braschler,artist,stub,,,,,,,,,,0,,https://photobookers.com/creators/mathias-braschler
d46c2735-e0df-4502-b71f-bd85eb79822b,matt-eich-jack-fox,"Matt Eich, Jack Fox",artist,stub,,,,,,,,,,0,Stasis 003 (Matt Eich and Jack Fox),https://photobookers.com/creators/matt-eich-jack-fox
0c0a36f3-f869-4541-9a39-e433da4a5c41,matthew-rolston,Matthew Rolston,artist,stub,,,,,,,,,,0,,https://photobookers.com/creators/matthew-rolston
a31c4387-d0a5-4242-9f00-f229a96f2903,melba-levick,Melba Levick,artist,stub,,,,,,,,,,0,,https://photobookers.com/creators/melba-levick
2f83f890-719c-407e-8e89-ef83a39404f1,merlin-daleman,Merlin Daleman,artist,stub,,,,,,,,,,0,,https://photobookers.com/creators/merlin-daleman
09d5c738-a406-46fa-a678-10de97478a7a,michael-ashkin,Michael Ashkin,artist,stub,,,,,,,,,,0,,https://photobookers.com/creators/michael-ashkin
6694d485-ec45-450d-bdbe-b732de97316e,michael-dressel,Michael Dressel,artist,stub,,,,,,,,,,0,,https://photobookers.com/creators/michael-dressel
4bece8cf-173b-48c2-91ac-624f28640940,michael-kerstgens,Michael Kerstgens,artist,stub,,,,,,,,,,0,,https://photobookers.com/creators/michael-kerstgens
a7fbe102-608a-4bf0-896b-58f020f522e5,michael-lange,Michael Lange,artist,stub,,,,,,,,,,0,,https://photobookers.com/creators/michael-lange
6e4e17ce-9287-4be2-9f51-77c6a1c7e948,michael-ormerod,Michael Ormerod,artist,stub,,,,,,,,,,0,American Photographs,https://photobookers.com/creators/michael-ormerod
0b3d8821-2c6d-44cc-bbdf-672f36dfd6e7,michele-allan,Michele Allan,artist,stub,,,,,,,,,,0,The North East 1987–1991,https://photobookers.com/creators/michele-allan
c205a260-ec3a-4c1c-bd4e-8a2dd9eda354,miranda-lichtenstein,Miranda Lichtenstein,artist,stub,,,,,,,,,,0,,https://photobookers.com/creators/miranda-lichtenstein
7928ed2b-18f4-4810-9fbe-500a8ab2c266,mitchell-moreno,Mitchell Moreno,artist,stub,,,,,,,,,,0,,https://photobookers.com/creators/mitchell-moreno
16515aee-081b-4fa4-97b2-f2c1acaa4456,moises-saman,Moises Saman,artist,stub,,,,,,,,,,0,,https://photobookers.com/creators/moises-saman
197542f2-9dad-49ab-9426-45a3e6d1b81e,monika-drabot,Monika Drabot,artist,stub,,,,,,,,,,0,,https://photobookers.com/creators/monika-drabot
aa5e3852-1465-466e-ac06-f6b301f81cb6,murray-ballard,Murray Ballard,artist,stub,,,,,,,,,,0,,https://photobookers.com/creators/murray-ballard
51bdb471-7529-40fd-8e6b-7dd9d0347f12,nam-tchun-mo,Nam Tchun-Mo,artist,stub,,,,,,,,,,0,,https://photobookers.com/creators/nam-tchun-mo
d4de281c-a567-43e6-9d04-65ed7e6495c7,niall-mcdiarmid,Niall McDiarmid,artist,stub,,,https://www.niallmcdiarmid.com/books,,,,,,,0,,https://photobookers.com/creators/niall-mcdiarmid
0fe6c86b-7ed8-44c8-942a-ff6d7cc5d411,nicholas-hughes,Nicholas Hughes,artist,stub,,,,,,,,,,0,,https://photobookers.com/creators/nicholas-hughes
ae83be74-25e6-4987-83be-e3d47e3b278e,nick-goring,Nick Goring,artist,stub,,,,,,,,,,0,,https://photobookers.com/creators/nick-goring
71c80a9c-167a-4c93-b3cd-e18cbd19ff9b,nicolas-giraud,Nicolas Giraud,artist,stub,,,,,,,,,,0,,https://photobookers.com/creators/nicolas-giraud
72da9683-b99b-4633-90fe-eeeccbedc365,nikita-teryoshin,Nikita Teryoshin,artist,stub,,,,,,,,,,0,,https://photobookers.com/creators/nikita-teryoshin
a379f73a-413b-40aa-9206-c74891d02647,nolwenn-brod,Nolwenn Brod,artist,stub,,,,,,,,,,0,,https://photobookers.com/creators/nolwenn-brod
47957fa0-7aee-4954-b14c-812944f8d416,norman-behrendt,Norman Behrendt,artist,stub,,,,,,,,,,0,,https://photobookers.com/creators/norman-behrendt
784b3d70-ef8f-4901-a649-26cb9a334a43,oliver-frank-chanarin,Oliver Frank Chanarin,artist,stub,,,,,,,,,,0,,https://photobookers.com/creators/oliver-frank-chanarin
cea6a703-42ef-4b62-b58b-02d2bc865404,olivier-cablat,Olivier Cablat,artist,stub,,,,,,,,,,0,,https://photobookers.com/creators/olivier-cablat
1c5160a4-aad3-4235-8ca3-cc4b17e5b786,oscar-monzon-arthur-larrue,"Óscar Monzón, Arthur Larrue",artist,stub,,,,,,,,,,0,,https://photobookers.com/creators/oscar-monzon-arthur-larrue
28075760-3c38-4120-a0fe-686b74c8f822,oscar-oiwa,Oscar Oiwa,artist,stub,,,,,,,,,,0,,https://photobookers.com/creators/oscar-oiwa
3ca359da-9868-4f1f-8bd9-80082bbf7bcd,owen-godbert,Owen Godbert,artist,stub,,,,,,,,,,0,Georgia,https://photobookers.com/creators/owen-godbert
868ae9c8-0847-4467-8544-1b0168866733,pablo-ortiz-monasterio,Pablo Ortiz Monasterio,artist,stub,,,,,,,,,,0,,https://photobookers.com/creators/pablo-ortiz-monasterio
3749dde5-d6d9-4249-a6bd-162058bcd85b,pam-longobardi,Pam Longobardi,artist,stub,,,,,,,,,,0,,https://photobookers.com/creators/pam-longobardi
0d78e3cb-055e-411a-a7a1-81875100b4bb,pascal-amoyel,Pascal Amoyel,artist,stub,,,,,,,,,,0,,https://photobookers.com/creators/pascal-amoyel
a0863d8f-c36b-4136-98ee-dc42bb9b804e,pascal-greco,Pascal Greco,artist,stub,,,,,,,,,,0,,https://photobookers.com/creators/pascal-greco
81ebe050-d132-48b3-be0e-5fd6c5094c8a,patrick-lambertz,Patrick Lambertz,artist,stub,,,,,,,,,,0,,https://photobookers.com/creators/patrick-lambertz
67ef7ba7-e976-4559-bad1-199545915894,paul-duke,Paul Duke,artist,stub,,,,,,,,,,0,,https://photobookers.com/creators/paul-duke
88f7de3d-d8d8-40ec-9212-0cc353244516,paul-hiller,Paul Hiller,artist,stub,,,,,,,,,,0,,https://photobookers.com/creators/paul-hiller
348583fe-30a3-4771-9116-98c784342acc,paul-outerbridge,Paul Outerbridge,artist,stub,,,,,,,,,,0,,https://photobookers.com/creators/paul-outerbridge
10f96363-1097-4650-8dfe-a7fc6cac68a3,paul-reas,Paul Reas,artist,stub,,,,,,,,,,0,,https://photobookers.com/creators/paul-reas
5b4c1ef0-7659-446a-b28e-579278bf83d6,paul-shambroom,Paul Shambroom,artist,stub,,,,,,,,,,0,,https://photobookers.com/creators/paul-shambroom
9d859f68-4d02-40d2-88e4-e27567b917b1,paula-markert,Paula Markert,artist,stub,,,,,,,,,,0,,https://photobookers.com/creators/paula-markert
ece6d742-b120-467a-b66a-4b7c5b81b566,peter-campbell,Peter Campbell,artist,stub,,,,,,,,,,0,London 1960–1963,https://photobookers.com/creators/peter-campbell
5f76729d-04e9-4adb-bfc1-a2548ec80859,peter-dammann,Peter Dammann,artist,stub,,,,,,,,,,0,,https://photobookers.com/creators/peter-dammann
53ee0d77-f925-4ffc-bf47-49833436c508,phil-polglaze,Phil Polglaze,artist,stub,,,,,,,,,,0,Bikers & Rockers 1983–1985,https://photobookers.com/creators/phil-polglaze
baef38ea-dc32-48da-a4fe-dd0a38c3758d,pierpaolo-mittica,Pierpaolo Mittica,artist,stub,,,,,,,,,,0,,https://photobookers.com/creators/pierpaolo-mittica
ef896d81-1c7c-4e78-b549-395c63d39012,preston-gannaway,Preston Gannaway,artist,stub,,,,,,,,,,0,,https://photobookers.com/creators/preston-gannaway
c3ed1dd0-0fb1-41da-ba56-cf74b8b6efbe,rapidite-rapidite,Rapidité Rapidité,artist,stub,,,,,,,,,,0,,https://photobookers.com/creators/rapidite-rapidite
987de661-b3fe-43ca-8c0f-3d31bdd9c38e,rich-joseph-facun,Rich-Joseph Facun,artist,stub,,,,,,,,,,0,,https://photobookers.com/creators/rich-joseph-facun
d391ae63-af86-475a-8aa9-cf2417738dd1,richard-davis,Richard Davis,artist,stub,,,,,,,,,,0,"Match of the Day Elland Rd, Leeds  June 1st 1991",https://photobookers.com/creators/richard-davis
2e480790-ed2c-4014-8d4f-b553d042d945,richard-rothman,Richard Rothman,artist,stub,,,,,,,,,,0,,https://photobookers.com/creators/richard-rothman
581128c3-ef32-4b8e-84c4-175c69684985,richard-sharum,Richard Sharum,artist,stub,,,,,,,,,,0,,https://photobookers.com/creators/richard-sharum
40a3d05c-8224-4c9f-b144-2293c974a4e9,riley-goodman,Riley Goodman,artist,stub,,,,,,,,,,0,,https://photobookers.com/creators/riley-goodman
d07e30fe-5322-4630-8a66-fc9735182392,rj-muna,Rj Muna,artist,stub,,,,,,,,,,0,,https://photobookers.com/creators/rj-muna
c62bcb33-0ecc-441e-8272-4f209bb29d7e,robbert-flick,Robbert Flick,artist,stub,,,,,,,,,,0,,https://photobookers.com/creators/robbert-flick
08b60673-deac-4c9b-9bb2-5ca482d2125e,robert-adams,Robert Adams,artist,stub,,,,,,,,,,0,,https://photobookers.com/creators/robert-adams
941a2b79-6c7d-447a-9bc9-226c3ac58523,robert-knoth,Robert Knoth,artist,stub,,,,,,,,,,0,,https://photobookers.com/creators/robert-knoth
6aeeebe3-c315-4151-ac22-724bacca8736,robert-leblanc,Robert Leblanc,artist,stub,,,,,,,,,,0,,https://photobookers.com/creators/robert-leblanc
fa1bac2f-2ca3-40e3-b446-73bdcdd4a87d,robin-friend,Robin Friend,artist,stub,,,,,,,,,,0,,https://photobookers.com/creators/robin-friend
e350df85-cce2-41f7-a4e3-adcc9aceb844,rocco-rorandelli,Rocco Rorandelli,artist,stub,,,,,,,,,,0,,https://photobookers.com/creators/rocco-rorandelli
000d6db5-6cdb-48a5-bb81-6b0f2b8a3f6a,roger-palmer,Roger Palmer,artist,stub,,,,,,,,,,0,,https://photobookers.com/creators/roger-palmer
a12ab40f-c2f7-4092-a616-14d13c916f16,ronni-campana,Ronni Campana,artist,stub,,,,,,,,,,0,,https://photobookers.com/creators/ronni-campana
3431a29b-d777-4c08-820c-2d9c2cb5bb41,roo-lewis,Roo Lewis,artist,stub,,,,,,,,,,0,,https://photobookers.com/creators/roo-lewis
26cda8da-d153-4b3e-b833-53f6d64398b6,rose-marie-cromwell,Rose Marie Cromwell,artist,stub,,,,,,,,,,0,,https://photobookers.com/creators/rose-marie-cromwell
8d12f40d-535e-4596-9c25-4b8e751e2492,russell-newell,Russell Newell,artist,stub,,,,,,,,,,0,Peckham 1970s–80s,https://photobookers.com/creators/russell-newell
cd35c8a6-e950-41ec-bd4f-e1e6a3c2681c,rvb-books,RVB Books,publisher,stub,Paris,France,https://rvb-books.com/,https://www.instagram.com/rvb_books/,https://www.facebook.com/RVB-Books-248047395220990,,,,,0,,https://photobookers.com/creators/rvb-books
9efa31ba-1c03-4076-904d-20e568c8d2f1,sage-sohier,Sage Sohier,artist,stub,,,,,,,,,,0,,https://photobookers.com/creators/sage-sohier
7f7e3bf5-657b-4b16-8125-f2496a8944ec,sam-vale,Sam Vale,artist,stub,,,,,,,,,,0,,https://photobookers.com/creators/sam-vale
a6923084-ac7c-4cf9-8604-fd82f608c87d,sam-wright,Sam Wright,artist,stub,,,,,,,,,,0,,https://photobookers.com/creators/sam-wright
28245d4a-7745-47a8-a419-2e16602ca1b3,samuel-gratacap,Samuel Gratacap,artist,stub,,,,,,,,,,0,,https://photobookers.com/creators/samuel-gratacap
6569c3c8-4b64-47ba-b37e-6bdf8f908660,sara-davidmann,Sara Davidmann,artist,stub,,,,,,,,,,0,,https://photobookers.com/creators/sara-davidmann
6ef15e07-32d6-4772-9d7b-7e23315cdc48,sarah-mei-herman,Sarah Mei Herman,artist,stub,,,,,,,,,,0,,https://photobookers.com/creators/sarah-mei-herman
751e58de-12d9-4101-aa2e-cb0836b69dc5,sasha-arutyunova,Sasha Arutyunova,artist,stub,,,,,,,,,,0,,https://photobookers.com/creators/sasha-arutyunova
2cd6eb55-1d80-4ff3-8dc8-6079ec04e91c,satijn-panyigay,Satijn Panyigay,artist,stub,,,,,,,,,,0,,https://photobookers.com/creators/satijn-panyigay
c8ebafef-749b-4c60-ba8a-3df7ba784307,sean-vegezzi,Sean Vegezzi,artist,stub,,,,,,,,,,0,,https://photobookers.com/creators/sean-vegezzi
f6c46835-1ad3-4634-bbe1-5240abc8a76e,sebastien-arrighi,Sebastien Arrighi,artist,stub,,,,,,,,,,0,,https://photobookers.com/creators/sebastien-arrighi
192a6a07-9067-4a3a-bc62-8bbfc954367b,sebastien-cuvelier,Sébastien Cuvelier,artist,stub,,,,,,,,,,0,,https://photobookers.com/creators/sebastien-cuvelier
21bee239-cc73-4cd8-80fb-54f6340c5bf1,shelby-lee-adams,Shelby Lee Adams,artist,stub,,,,,,,,,,0,,https://photobookers.com/creators/shelby-lee-adams
31fe002e-71eb-4022-b905-4e9fccb8d33e,simone-rosenbauer,Simone Rosenbauer,artist,stub,,,,,,,,,,0,,https://photobookers.com/creators/simone-rosenbauer
cd2bbe09-fc87-4ddc-ba87-207af3fe248e,sonja-hartwig-nora-klein,"Sonja Hartwig, Nora Klein",artist,stub,,,,,,,,,,0,,https://photobookers.com/creators/sonja-hartwig-nora-klein
a6e8c10f-68d5-4798-a226-2b2588f37dca,sonja-trabandt,Sonja Trabandt,artist,stub,,,,,,,,,,0,,https://photobookers.com/creators/sonja-trabandt
43e24aa0-2b3f-496e-a0fd-496623aa3a0c,sophy-rickett,Sophy Rickett,artist,stub,,,,,,,,,,0,,https://photobookers.com/creators/sophy-rickett
093966f8-b0b1-4842-9b4b-0535107764ff,stacy-mehrfar,Stacy Mehrfar,artist,stub,,,,,,,,,,0,,https://photobookers.com/creators/stacy-mehrfar
7ad13317-7851-4b92-bf56-7ae9db3c5f84,stefan-ruiz,Stefan Ruiz,artist,stub,,,,,,,,,,0,,https://photobookers.com/creators/stefan-ruiz
10f919a5-153e-493e-a510-3da9c753e1ab,stephanie-borcard-and-nicolas-metraux,Stéphanie Borcard and Nicolas Métraux,artist,stub,,,,,,,,,,0,,https://photobookers.com/creators/stephanie-borcard-and-nicolas-metraux
bc7c7ee2-1a5d-4138-9da4-8d5353824488,stephen-clarke,Stephen Clarke,artist,stub,,,,,,,,,,0,New York 1995–1996,https://photobookers.com/creators/stephen-clarke
9f8990a1-9a21-485b-91e2-49f37a8f4ccd,stephen-wilson,Stephen Wilson,artist,stub,,,,,,,,,,0,,https://photobookers.com/creators/stephen-wilson
00d661c3-3f85-4b4f-b95e-6bb7f2469dce,steve-ball,Steve Ball,artist,stub,,,,,,,,,,0,,https://photobookers.com/creators/steve-ball
bc79ceb6-817e-491d-a0e7-8b55eac70ca3,steve-kahn,Steve Kahn,artist,stub,,,,,,,,,,0,,https://photobookers.com/creators/steve-kahn
13b3f2ee-897a-4bfd-9d5f-e074087967aa,steve-madden,Steve Madden,artist,stub,,,,,,,,,,0,,https://photobookers.com/creators/steve-madden
7a3c2af8-745b-49fe-8de7-2ee22a84f555,stuart-linden-rhodes,Stuart Linden Rhodes,artist,stub,,,,,,,,,,0,LGBTQ+ in the North 1990s,https://photobookers.com/creators/stuart-linden-rhodes
2b816d72-299f-4d70-b96a-02b86f1a46fc,stuart-whipps,Stuart Whipps,artist,stub,,,,,,,,,,0,,https://photobookers.com/creators/stuart-whipps
3e6fb7d7-ead5-44e2-acc8-ef1acd4095d1,sue-barr,Sue Barr,artist,stub,,,,,,,,,,0,,https://photobookers.com/creators/sue-barr
d5f0b2e8-24ff-4070-bea0-7b9da7f041e3,susan-a-zadeh,Susan A. Zadeh,artist,stub,,,,,,,,,,0,,https://photobookers.com/creators/susan-a-zadeh
d88bfebe-e3bd-4bba-96b8-50c7679f9064,tanya-marcuse,Tanya Marcuse,artist,stub,,,,,,,,,,0,,https://photobookers.com/creators/tanya-marcuse
a389b649-5eb0-48e0-9c63-530ca39f2585,tanya-sharapova,Tanya Sharapova,artist,stub,,,,,,,,,,0,Kolsky,https://photobookers.com/creators/tanya-sharapova
097f05a7-3c69-488c-8082-a9f0a5f688e3,tariq-zaidi,Tariq Zaidi,artist,stub,,,,,,,,,,0,,https://photobookers.com/creators/tariq-zaidi
a2ce4a54-4305-40b8-a220-7ef374d7f70b,tealia-ellis-ritter,Tealia Ellis Ritter,artist,stub,,,,,,,,,,0,,https://photobookers.com/creators/tealia-ellis-ritter
b0cb8a36-19f1-48ae-b0bc-94e4f8958fbb,tenzing-dakpa,Tenzing Dakpa,artist,stub,,,,,,,,,,0,,https://photobookers.com/creators/tenzing-dakpa
8bad0ab5-3511-413d-ac78-09cf59f3f30e,teodora-georgieva,Teodora Georgieva,artist,stub,,,,,,,,,,0,,https://photobookers.com/creators/teodora-georgieva
f582bdc1-8d66-4a22-a8a6-c9f9db2d561d,tessa-bunney,Tessa Bunney,artist,stub,,,,,,,,,,0,,https://photobookers.com/creators/tessa-bunney
69d880d5-0230-413e-9d14-b6da731fb47f,thomas-rousset,Thomas Rousset,artist,stub,,,,,,,,,,0,,https://photobookers.com/creators/thomas-rousset
74d38062-c648-44c7-84c4-0f42dd750b59,tim-richmond,Tim Richmond,artist,stub,,,,,,,,,,0,,https://photobookers.com/creators/tim-richmond
4e36db7f-a21d-437e-b313-c3f0b314fd14,tomas-werner,Tomáš Werner,artist,stub,,,,,,,,,,0,,https://photobookers.com/creators/tomas-werner
b2a05e6f-9746-4dd5-ace8-87bde6f1e43c,udo-hesse,Udo Hesse,artist,stub,,,,,,,,,,0,,https://photobookers.com/creators/udo-hesse
888c94cd-8291-4f30-96f8-c4be632a617f,ulrich-schwarz,Ulrich Schwarz,artist,stub,,,,,,,,,,0,,https://photobookers.com/creators/ulrich-schwarz
d5d3b369-aa84-492c-87c2-5e150a78435f,ulrich-wust,Ulrich Wüst,artist,stub,,,,,,,,,,0,,https://photobookers.com/creators/ulrich-wust
e3b9f24b-8bac-479a-93e2-64b0f363512a,ursula-schulz-dornburg,Ursula Schulz-Dornburg,artist,stub,,,,,,,,,,0,,https://photobookers.com/creators/ursula-schulz-dornburg
a5bc36ae-6331-4550-9a61-d56185492598,ute--werner-mahler,Ute & Werner Mahler,artist,stub,,,,,,,,,,0,,https://photobookers.com/creators/ute--werner-mahler
d0a148ef-2d5c-45d8-aab1-cbbd0e56fbee,ute-mahler,Ute Mahler,artist,stub,,,,,,,,,,0,,https://photobookers.com/creators/ute-mahler
e7232892-fcff-4804-a57c-b2d93fbafed9,uwe-bedenbecker,Uwe Bedenbecker,artist,stub,,,,,,,,,,0,Brighton 1984,https://photobookers.com/creators/uwe-bedenbecker
7e3ee965-e277-407b-9c74-eba700cb39ff,val-wilmer,Val Wilmer,artist,stub,,,,,,,,,,0,American Drummers 1959–1988,https://photobookers.com/creators/val-wilmer
e7997d9b-4d2c-4b1e-b7bf-5ee39a383799,valentin-goppel,Valentin Goppel,artist,stub,,,,,,,,,,0,,https://photobookers.com/creators/valentin-goppel
a32716a8-c777-4555-893d-7469d6105d57,valerie-galloway,Valerie Galloway,artist,stub,,,,,,,,,,0,,https://photobookers.com/creators/valerie-galloway
c2ce14be-76f3-4962-9bc8-ea38ba324e99,vallet,Vallet,artist,stub,,,,,,,,,,0,,https://photobookers.com/creators/vallet
cb63431e-4102-4ba5-a21b-1662622145f4,vasilii-lefter,Vasilii Lefter,artist,stub,,,,,,,,,,0,,https://photobookers.com/creators/vasilii-lefter
a696138b-1fc3-41c0-a7e9-778f719d35b2,victoire-thierree,Victoire Thierrée,artist,stub,,,,,,,,,,0,,https://photobookers.com/creators/victoire-thierree
4c343354-37f5-44d9-abb4-793caa22a3f1,victor-balko,Victor Balko,artist,stub,,,,,,,,,,0,,https://photobookers.com/creators/victor-balko
9f649cd6-c86a-4686-ad37-9262a8cd444d,vincent-kohlbecher,Vincent Kohlbecher,artist,stub,,,,,,,,,,0,,https://photobookers.com/creators/vincent-kohlbecher
aaba87af-0f4e-4c7d-a35d-31baf3cb417a,volker-hinz,Volker Hinz,artist,stub,,,,,,,,,,0,,https://photobookers.com/creators/volker-hinz
da5573ed-18c8-48d7-a4e8-5c3d9ed54f79,volker-kreidler,Volker Kreidler,artist,stub,,,,,,,,,,0,,https://photobookers.com/creators/volker-kreidler
e050b855-459e-4b0d-a9f7-333db9b12833,werner-mahler,Werner Mahler,artist,stub,,,,,,,,,,0,,https://photobookers.com/creators/werner-mahler
e8679e8e-d8e9-4e8e-a54d-6c3589a5d07e,will-green,Will Green,artist,stub,,,,,,,,,,0,,https://photobookers.com/creators/will-green
1472c62d-79ee-48d3-81ee-74c359186083,will-matsuda,Will Matsuda,artist,stub,,,,,,,,,,0,,https://photobookers.com/creators/will-matsuda
daffada0-b47f-4de8-9787-4f0341e32a67,witold-krassowski,Witold Krassowski,artist,stub,,,,,,,,,,0,,https://photobookers.com/creators/witold-krassowski
a6b31626-5efc-4693-b279-3002210940ad,wolfgang-bellwinkel,Wolfgang Bellwinkel,artist,stub,,,,,,,,,,0,,https://photobookers.com/creators/wolfgang-bellwinkel
e2c08c97-3505-4d8e-898f-82edc5163856,wong-chung-wai,Wong Chung-Wai,artist,stub,,,,,,,,,,0,,https://photobookers.com/creators/wong-chung-wai
46e843d0-d4ad-49e8-8583-9849db4860b7,xiaopeng-yuan,Xiaopeng Yuan,artist,stub,,,,,,,,,,0,,https://photobookers.com/creators/xiaopeng-yuan
81f5beae-1dcc-41e3-85b3-334c98de9ace,yael-malka,Yael Malka,artist,stub,,,,,,,,,,0,,https://photobookers.com/creators/yael-malka
aabb3528-0890-4052-85fa-a7605329a3e7,yan-morvan,Yan Morvan,artist,stub,,,,,,,,,,0,London Subculture Punk & Protest 1979–1981 2 books,https://photobookers.com/creators/yan-morvan
e4922c68-6267-483d-af60-83b1b64e7756,yana-wernicke,Yana Wernicke,artist,stub,,,,,,,,,,0,,https://photobookers.com/creators/yana-wernicke
261e0a31-b39d-4182-b162-7d4af836e4c5,yelena-yemchuk,Yelena Yemchuk,artist,stub,,,,,,,,,,0,,https://photobookers.com/creators/yelena-yemchuk
96d47292-9a92-4f58-97d6-1914d24c004a,yoko-ikeda,Yoko Ikeda,artist,stub,,,,,,,,,,0,,https://photobookers.com/creators/yoko-ikeda
f5ac1936-99a6-4467-ab1c-005de63ad98f,zeit-magazin,Zeit Magazin,artist,stub,,,,,,,,,,0,,https://photobookers.com/creators/zeit-magazin
4afad9b2-af0a-4355-a265-703a4ef32c4d,zolo-zine-1-frank-benson,Zolo Zine #1: Frank Benson,artist,stub,,,,,,,,,,0,,https://photobookers.com/creators/zolo-zine-1-frank-benson
b5e09582-a22e-4ac9-9721-c2fc2839d150,zolo-zine-2-hana-miletic,Zolo Zine #2: Hana Miletić,artist,stub,,,,,,,,,,0,,https://photobookers.com/creators/zolo-zine-2-hana-miletic
53afee6e-7e0b-4be4-a46a-053431f0a1cd,zolo-zine-3-torbjrn-rdland,Zolo Zine #3: Torbjørn Rødland,artist,stub,,,,,,,,,,0,,https://photobookers.com/creators/zolo-zine-3-torbjrn-rdland
